solid OpenSCAD_Model
  facet normal -0.7501110696304595 -0.6613118653236518 0
    outer loop
      vertex -2.5041680390213155 -2.0716279666832413 0
      vertex -2.369148039119588 -2.224778094268238 0
      vertex -2.5041680390213155 -2.0716279666832413 6
    endloop
  endfacet
  facet normal -0.8270805742745618 -0.5620833778521305 0
    outer loop
      vertex -2.7440657578815486 -1.7414370836817394 0
      vertex -2.629305231718579 -1.9103020699505378 0
      vertex -2.7440657578815486 -1.7414370836817394 6
    endloop
  endfacet
  facet normal -0.7901550123756912 -0.6129070536529754 0
    outer loop
      vertex -2.5041680390213155 -2.0716279666832413 0
      vertex -2.629305231718579 -1.9103020699505378 6
      vertex -2.629305231718579 -1.9103020699505378 0
    endloop
  endfacet
  facet normal -0.6613118653236518 -0.7501110696304595 0
    outer loop
      vertex -2.0716279666832413 -2.5041680390213155 0
      vertex -2.0716279666832413 -2.5041680390213155 6
      vertex -2.224778094268238 -2.369148039119588 0
    endloop
  endfacet
  facet normal -0.6129070536529754 -0.7901550123756912 0
    outer loop
      vertex -2.0716279666832413 -2.5041680390213155 0
      vertex -1.9103020699505378 -2.629305231718579 0
      vertex -1.9103020699505378 -2.629305231718579 6
    endloop
  endfacet
  facet normal -0.5620833778521305 -0.8270805742745618 0
    outer loop
      vertex -1.9103020699505378 -2.629305231718579 0
      vertex -1.7414370836817394 -2.7440657578815486 0
      vertex -1.7414370836817394 -2.7440657578815486 6
    endloop
  endfacet
  facet normal -0.7071067811865475 -0.7071067811865475 0
    outer loop
      vertex -2.369148039119588 -2.224778094268238 0
      vertex -2.224778094268238 -2.369148039119588 0
      vertex -2.369148039119588 -2.224778094268238 6
    endloop
  endfacet
  facet normal 0 0 -1
    outer loop
      vertex -2.8479967101425565 -1.5656994408305749 0
      vertex -2.9406879205145637 -1.3837826975864855 0
      vertex -2.8479967101425565 1.5656994408305749 0
    endloop
  endfacet
  facet normal 0 0 -1
    outer loop
      vertex -3.090933677959249 -1.004305231718579 0
      vertex -3.147895273668051 -0.8082421332857783 0
      vertex -3.090933677959249 1.004305231718579 0
    endloop
  endfacet
  facet normal 0 0 -1
    outer loop
      vertex -3.192433564868238 -0.6089892724036057 0
      vertex -3.224372779272053 -0.40733300908398823 0
      vertex -3.192433564868238 0.6089892724036057 0
    endloop
  endfacet
  facet normal 0 0 -1
    outer loop
      vertex -3.147895273668051 -0.8082421332857783 0
      vertex -3.192433564868238 -0.6089892724036057 0
      vertex -3.147895273668051 0.8082421332857783 0
    endloop
  endfacet
  facet normal 0 0 -1
    outer loop
      vertex -3.224372779272053 -0.40733300908398823 0
      vertex -3.2435868673918824 -0.20406918847026814 0
      vertex -3.224372779272053 0.40733300908398823 0
    endloop
  endfacet
  facet normal 0 0 -1
    outer loop
      vertex -3.090933677959249 -1.004305231718579 0
      vertex -3.021773579136817 1.1964047962252031 0
      vertex -3.021773579136817 -1.1964047962252031 0
    endloop
  endfacet
  facet normal 0 0 -1
    outer loop
      vertex -2.9406879205145637 -1.3837826975864855 0
      vertex -3.021773579136817 -1.1964047962252031 0
      vertex -2.9406879205145637 1.3837826975864855 0
    endloop
  endfacet
  facet normal 0 0 -1
    outer loop
      vertex -2.7440657578815486 -1.7414370836817394 0
      vertex -2.8479967101425565 -1.5656994408305749 0
      vertex -2.7440657578815486 1.7414370836817394 0
    endloop
  endfacet
  facet normal 0 0 -1
    outer loop
      vertex -2.7440657578815486 -1.7414370836817394 0
      vertex -2.629305231718579 1.9103020699505378 0
      vertex -2.629305231718579 -1.9103020699505378 0
    endloop
  endfacet
  facet normal 0 0 -1
    outer loop
      vertex -2.5041680390213155 -2.0716279666832413 0
      vertex -2.629305231718579 -1.9103020699505378 0
      vertex -2.5041680390213155 2.0716279666832413 0
    endloop
  endfacet
  facet normal 0 0 -1
    outer loop
      vertex -2.0716279666832413 -2.5041680390213155 0
      vertex -1.9103020699505378 2.629305231718579 0
      vertex -1.9103020699505378 -2.629305231718579 0
    endloop
  endfacet
  facet normal 0 0 -1
    outer loop
      vertex -1.9103020699505378 -2.629305231718579 0
      vertex -1.7414370836817394 2.7440657578815486 0
      vertex -1.7414370836817394 -2.7440657578815486 0
    endloop
  endfacet
  facet normal 0 0 -1
    outer loop
      vertex -2.5041680390213155 -2.0716279666832413 0
      vertex -2.369148039119588 2.224778094268238 0
      vertex -2.369148039119588 -2.224778094268238 0
    endloop
  endfacet
  facet normal 0 0 -1
    outer loop
      vertex -2.369148039119588 -2.224778094268238 0
      vertex -2.224778094268238 2.369148039119588 0
      vertex -2.224778094268238 -2.369148039119588 0
    endloop
  endfacet
  facet normal 0 0 -1
    outer loop
      vertex -2.0716279666832413 -2.5041680390213155 0
      vertex -2.224778094268238 -2.369148039119588 0
      vertex -2.0716279666832413 2.5041680390213155 0
    endloop
  endfacet
  facet normal -0.8910065241883679 -0.4539904997395468 0
    outer loop
      vertex -2.8479967101425565 -1.5656994408305749 0
      vertex -2.9406879205145637 -1.3837826975864855 6
      vertex -2.9406879205145637 -1.3837826975864855 0
    endloop
  endfacet
  facet normal -0.917754625683981 -0.3971478906347807 0
    outer loop
      vertex -2.9406879205145637 -1.3837826975864855 0
      vertex -3.021773579136817 -1.1964047962252031 6
      vertex -3.021773579136817 -1.1964047962252031 0
    endloop
  endfacet
  facet normal -0.9408807689542259 -0.3387379202452899 0
    outer loop
      vertex -3.090933677959249 -1.004305231718579 0
      vertex -3.021773579136817 -1.1964047962252031 0
      vertex -3.090933677959249 -1.004305231718579 6
    endloop
  endfacet
  facet normal -0.9602936856769427 -0.2789911060392301 0
    outer loop
      vertex -3.090933677959249 -1.004305231718579 0
      vertex -3.147895273668051 -0.8082421332857783 6
      vertex -3.147895273668051 -0.8082421332857783 0
    endloop
  endfacet
  facet normal -0.8607420270039434 -0.5090414157503718 0
    outer loop
      vertex -2.7440657578815486 -1.7414370836817394 0
      vertex -2.8479967101425565 -1.5656994408305749 6
      vertex -2.8479967101425565 -1.5656994408305749 0
    endloop
  endfacet
  facet normal -0.9759167619387475 -0.21814324139654176 0
    outer loop
      vertex -3.147895273668051 -0.8082421332857783 0
      vertex -3.192433564868238 -0.6089892724036057 6
      vertex -3.192433564868238 -0.6089892724036057 0
    endloop
  endfacet
  facet normal -0.9876883405951377 -0.15643446504023165 0
    outer loop
      vertex -3.192433564868238 -0.6089892724036057 0
      vertex -3.224372779272053 -0.40733300908398823 6
      vertex -3.224372779272053 -0.40733300908398823 0
    endloop
  endfacet
  facet normal -0.99556196460308 -0.0941083133185138 0
    outer loop
      vertex -3.224372779272053 -0.40733300908398823 0
      vertex -3.2435868673918824 -0.20406918847026814 6
      vertex -3.2435868673918824 -0.20406918847026814 0
    endloop
  endfacet
  facet normal -0.9995065603657315 -0.03141075907812921 0
    outer loop
      vertex -3.2435868673918824 -0.20406918847026814 0
      vertex -3.25 0 6
      vertex -3.25 0 0
    endloop
  endfacet
  facet normal 0 0 -1
    outer loop
      vertex -1.004305231718579 -3.090933677959249 0
      vertex -0.7705132427757894 -0.6374239897486896 0
      vertex -0.8082421332857783 -3.147895273668051 0
    endloop
  endfacet
  facet normal 0 0 -1
    outer loop
      vertex -0.6089892724036057 -3.192433564868238 0
      vertex -0.36812455268467786 -0.9297764858882515 0
      vertex -0.40733300908398823 -3.224372779272053 0
    endloop
  endfacet
  facet normal 0 0 -1
    outer loop
      vertex -0.40733300908398823 -3.224372779272053 0
      vertex -0.18738131458572482 -0.9822872507286886 0
      vertex -0.20406918847026972 -3.2435868673918824 0
    endloop
  endfacet
  facet normal 0 0 -1
    outer loop
      vertex -0.20406918847026972 -3.2435868673918824 0
      vertex 0 -1 0
      vertex 0 -3.25 0
    endloop
  endfacet
  facet normal 0 0 -1
    outer loop
      vertex -0.8082421332857783 -3.147895273668051 0
      vertex -0.5877852522924731 -0.8090169943749475 0
      vertex -0.6089892724036057 -3.192433564868238 0
    endloop
  endfacet
  facet normal 0 0 -1
    outer loop
      vertex -0.6089892724036057 -3.192433564868238 0
      vertex -0.5358267949789968 -0.844327925502015 0
      vertex -0.4817536741017154 -0.8763066800438635 0
    endloop
  endfacet
  facet normal 0 0 -1
    outer loop
      vertex -0.6089892724036057 -3.192433564868238 0
      vertex -0.4817536741017154 -0.8763066800438635 0
      vertex -0.42577929156507244 -0.9048270524660196 0
    endloop
  endfacet
  facet normal 0 0 -1
    outer loop
      vertex -0.6089892724036057 -3.192433564868238 0
      vertex -0.42577929156507244 -0.9048270524660196 0
      vertex -0.36812455268467786 -0.9297764858882515 0
    endloop
  endfacet
  facet normal 0 0 -1
    outer loop
      vertex -0.40733300908398823 -3.224372779272053 0
      vertex -0.36812455268467786 -0.9297764858882515 0
      vertex -0.3090169943749474 -0.9510565162951535 0
    endloop
  endfacet
  facet normal 0 0 -1
    outer loop
      vertex -0.40733300908398823 -3.224372779272053 0
      vertex -0.3090169943749474 -0.9510565162951535 0
      vertex -0.24868988716485485 -0.9685831611286311 0
    endloop
  endfacet
  facet normal 0 0 -1
    outer loop
      vertex -0.40733300908398823 -3.224372779272053 0
      vertex -0.24868988716485485 -0.9685831611286311 0
      vertex -0.18738131458572482 -0.9822872507286886 0
    endloop
  endfacet
  facet normal 0 0 -1
    outer loop
      vertex -0.20406918847026972 -3.2435868673918824 0
      vertex -0.18738131458572482 -0.9822872507286886 0
      vertex -0.12533323356430406 -0.9921147013144779 0
    endloop
  endfacet
  facet normal 0 0 -1
    outer loop
      vertex -0.20406918847026972 -3.2435868673918824 0
      vertex -0.12533323356430406 -0.9921147013144779 0
      vertex -0.06279051952931376 -0.9980267284282716 0
    endloop
  endfacet
  facet normal 0 0 -1
    outer loop
      vertex -0.20406918847026972 -3.2435868673918824 0
      vertex -0.06279051952931376 -0.9980267284282716 0
      vertex 0 -1 0
    endloop
  endfacet
  facet normal -0.4539904997395468 -0.8910065241883679 0
    outer loop
      vertex -1.5656994408305749 -2.8479967101425565 0
      vertex -1.3837826975864855 -2.9406879205145637 0
      vertex -1.3837826975864855 -2.9406879205145637 6
    endloop
  endfacet
  facet normal -0.3971478906347807 -0.917754625683981 0
    outer loop
      vertex -1.3837826975864855 -2.9406879205145637 0
      vertex -1.1964047962252031 -3.021773579136817 0
      vertex -1.1964047962252031 -3.021773579136817 6
    endloop
  endfacet
  facet normal -0.5090414157503718 -0.8607420270039434 0
    outer loop
      vertex -1.7414370836817394 -2.7440657578815486 0
      vertex -1.5656994408305749 -2.8479967101425565 0
      vertex -1.5656994408305749 -2.8479967101425565 6
    endloop
  endfacet
  facet normal -0.3387379202452899 -0.9408807689542259 0
    outer loop
      vertex -1.1964047962252031 -3.021773579136817 0
      vertex -1.004305231718579 -3.090933677959249 0
      vertex -1.004305231718579 -3.090933677959249 6
    endloop
  endfacet
  facet normal -0.2789911060392301 -0.9602936856769427 0
    outer loop
      vertex -1.004305231718579 -3.090933677959249 0
      vertex -0.8082421332857783 -3.147895273668051 0
      vertex -0.8082421332857783 -3.147895273668051 6
    endloop
  endfacet
  facet normal -0.21814324139654176 -0.9759167619387475 0
    outer loop
      vertex -0.8082421332857783 -3.147895273668051 0
      vertex -0.6089892724036057 -3.192433564868238 0
      vertex -0.6089892724036057 -3.192433564868238 6
    endloop
  endfacet
  facet normal -0.15643446504023165 -0.9876883405951377 0
    outer loop
      vertex -0.6089892724036057 -3.192433564868238 0
      vertex -0.40733300908398823 -3.224372779272053 0
      vertex -0.40733300908398823 -3.224372779272053 6
    endloop
  endfacet
  facet normal -0.09410831331851453 -0.99556196460308 0
    outer loop
      vertex -0.40733300908398823 -3.224372779272053 0
      vertex -0.20406918847026972 -3.2435868673918824 0
      vertex -0.20406918847026972 -3.2435868673918824 6
    endloop
  endfacet
  facet normal -0.03141075907812896 -0.9995065603657315 0
    outer loop
      vertex -0.20406918847026972 -3.2435868673918824 0
      vertex 0 -3.25 0
      vertex 0 -3.25 6
    endloop
  endfacet
  facet normal 0 0 -1
    outer loop
      vertex -1.7414370836817394 -2.7440657578815486 0
      vertex -1.5656994408305744 2.8479967101425565 0
      vertex -1.5656994408305749 -2.8479967101425565 0
    endloop
  endfacet
  facet normal 0 0 -1
    outer loop
      vertex -1.5656994408305749 -2.8479967101425565 0
      vertex -1.3837826975864864 2.9406879205145633 0
      vertex -1.3837826975864855 -2.9406879205145637 0
    endloop
  endfacet
  facet normal 0 0 -1
    outer loop
      vertex -1.3837826975864855 -2.9406879205145637 0
      vertex -1.1964047962252031 3.021773579136817 0
      vertex -1.1964047962252031 -3.021773579136817 0
    endloop
  endfacet
  facet normal 0 0 -1
    outer loop
      vertex -1.004305231718579 -3.090933677959249 0
      vertex -0.8090169943749475 -0.5877852522924731 0
      vertex -0.7705132427757894 -0.6374239897486896 0
    endloop
  endfacet
  facet normal 0 0 -1
    outer loop
      vertex -1.004305231718579 -3.090933677959249 0
      vertex -0.9048270524660196 -0.42577929156507244 0
      vertex -0.8763066800438635 -0.4817536741017154 0
    endloop
  endfacet
  facet normal 0 0 -1
    outer loop
      vertex -1.004305231718579 -3.090933677959249 0
      vertex -0.9297764858882515 -0.36812455268467786 0
      vertex -0.9048270524660196 -0.42577929156507244 0
    endloop
  endfacet
  facet normal 0 0 -1
    outer loop
      vertex -1.004305231718579 -3.090933677959249 0
      vertex -0.9510565162951535 -0.3090169943749474 0
      vertex -0.9297764858882515 -0.36812455268467786 0
    endloop
  endfacet
  facet normal 0 0 -1
    outer loop
      vertex -1.004305231718579 -3.090933677959249 0
      vertex -0.844327925502015 -0.5358267949789968 0
      vertex -0.8090169943749475 -0.5877852522924731 0
    endloop
  endfacet
  facet normal 0 0 -1
    outer loop
      vertex -1.004305231718579 -3.090933677959249 0
      vertex -0.8763066800438635 -0.4817536741017154 0
      vertex -0.844327925502015 -0.5358267949789968 0
    endloop
  endfacet
  facet normal 0 0 -1
    outer loop
      vertex -1.1964047962252031 -3.021773579136817 0
      vertex -1.004305231718579 3.090933677959249 0
      vertex -1.004305231718579 -3.090933677959249 0
    endloop
  endfacet
  facet normal 0 0 -1
    outer loop
      vertex -1.004305231718579 -3.090933677959249 0
      vertex -0.9685831611286311 -0.24868988716485485 0
      vertex -0.9510565162951535 -0.3090169943749474 0
    endloop
  endfacet
  facet normal 0 0 -1
    outer loop
      vertex -1.004305231718579 -3.090933677959249 0
      vertex -0.9822872507286886 -0.18738131458572482 0
      vertex -0.9685831611286311 -0.24868988716485485 0
    endloop
  endfacet
  facet normal 0 0 -1
    outer loop
      vertex -1.004305231718579 -3.090933677959249 0
      vertex -0.9921147013144779 -0.12533323356430406 0
      vertex -0.9822872507286886 -0.18738131458572482 0
    endloop
  endfacet
  facet normal 0 0 -1
    outer loop
      vertex -1.004305231718579 -3.090933677959249 0
      vertex -0.9980267284282716 -0.06279051952931328 0
      vertex -0.9921147013144779 -0.12533323356430406 0
    endloop
  endfacet
  facet normal 0 0 -1
    outer loop
      vertex -1.004305231718579 -3.090933677959249 0
      vertex -1 0 0
      vertex -0.9980267284282716 -0.06279051952931328 0
    endloop
  endfacet
  facet normal 0 0 -1
    outer loop
      vertex -0.8082421332857783 -3.147895273668051 0
      vertex -0.7705132427757894 -0.6374239897486896 0
      vertex -0.7289686274214117 -0.6845471059286885 0
    endloop
  endfacet
  facet normal 0 0 -1
    outer loop
      vertex -0.8082421332857783 -3.147895273668051 0
      vertex -0.7289686274214117 -0.6845471059286885 0
      vertex -0.6845471059286885 -0.7289686274214117 0
    endloop
  endfacet
  facet normal 0 0 -1
    outer loop
      vertex -0.8082421332857783 -3.147895273668051 0
      vertex -0.6374239897486896 -0.7705132427757894 0
      vertex -0.5877852522924731 -0.8090169943749475 0
    endloop
  endfacet
  facet normal 0 0 -1
    outer loop
      vertex -0.8082421332857783 -3.147895273668051 0
      vertex -0.6845471059286885 -0.7289686274214117 0
      vertex -0.6374239897486896 -0.7705132427757894 0
    endloop
  endfacet
  facet normal 0 0 -1
    outer loop
      vertex -0.6089892724036057 -3.192433564868238 0
      vertex -0.5877852522924731 -0.8090169943749475 0
      vertex -0.5358267949789968 -0.844327925502015 0
    endloop
  endfacet
  facet normal -0.8270805742745618 -0.5620833778521305 0
    outer loop
      vertex -2.629305231718579 -1.9103020699505378 0
      vertex -2.629305231718579 -1.9103020699505378 6
      vertex -2.7440657578815486 -1.7414370836817394 6
    endloop
  endfacet
  facet normal -0.8607420270039434 -0.5090414157503718 0
    outer loop
      vertex -2.7440657578815486 -1.7414370836817394 0
      vertex -2.7440657578815486 -1.7414370836817394 6
      vertex -2.8479967101425565 -1.5656994408305749 6
    endloop
  endfacet
  facet normal -0.7901550123756912 -0.6129070536529754 0
    outer loop
      vertex -2.5041680390213155 -2.0716279666832413 0
      vertex -2.5041680390213155 -2.0716279666832413 6
      vertex -2.629305231718579 -1.9103020699505378 6
    endloop
  endfacet
  facet normal -0.5620833778521305 -0.8270805742745618 0
    outer loop
      vertex -1.9103020699505378 -2.629305231718579 0
      vertex -1.7414370836817394 -2.7440657578815486 6
      vertex -1.9103020699505378 -2.629305231718579 6
    endloop
  endfacet
  facet normal -0.6129070536529754 -0.7901550123756912 0
    outer loop
      vertex -2.0716279666832413 -2.5041680390213155 0
      vertex -1.9103020699505378 -2.629305231718579 6
      vertex -2.0716279666832413 -2.5041680390213155 6
    endloop
  endfacet
  facet normal -0.5090414157503718 -0.8607420270039434 0
    outer loop
      vertex -1.7414370836817394 -2.7440657578815486 0
      vertex -1.5656994408305749 -2.8479967101425565 6
      vertex -1.7414370836817394 -2.7440657578815486 6
    endloop
  endfacet
  facet normal -0.7071067811865475 -0.7071067811865475 0
    outer loop
      vertex -2.224778094268238 -2.369148039119588 0
      vertex -2.224778094268238 -2.369148039119588 6
      vertex -2.369148039119588 -2.224778094268238 6
    endloop
  endfacet
  facet normal -0.7501110696304595 -0.6613118653236518 0
    outer loop
      vertex -2.369148039119588 -2.224778094268238 0
      vertex -2.369148039119588 -2.224778094268238 6
      vertex -2.5041680390213155 -2.0716279666832413 6
    endloop
  endfacet
  facet normal -0.6613118653236518 -0.7501110696304595 0
    outer loop
      vertex -2.224778094268238 -2.369148039119588 0
      vertex -2.0716279666832413 -2.5041680390213155 6
      vertex -2.224778094268238 -2.369148039119588 6
    endloop
  endfacet
  facet normal 0 0 1
    outer loop
      vertex -2.7440657578815486 -1.7414370836817394 6
      vertex -2.629305231718579 -1.9103020699505378 6
      vertex -2.659632965331347 -1.6878544041838397 6
    endloop
  endfacet
  facet normal 0 0 1
    outer loop
      vertex -2.7440657578815486 -1.7414370836817394 6
      vertex -2.659632965331347 -1.6878544041838397 6
      vertex -2.7603660421381697 -1.5175240734204034 6
    endloop
  endfacet
  facet normal 0 0 1
    outer loop
      vertex -2.5041680390213155 -2.0716279666832413 6
      vertex -2.5484035322810845 -1.8515235447212903 6
      vertex -2.629305231718579 -1.9103020699505378 6
    endloop
  endfacet
  facet normal 0 0 1
    outer loop
      vertex -2.5041680390213155 -2.0716279666832413 6
      vertex -2.4271167147437365 -2.0078855677083722 6
      vertex -2.5484035322810845 -1.8515235447212903 6
    endloop
  endfacet
  facet normal 0 0 1
    outer loop
      vertex -2.629305231718579 -1.9103020699505378 6
      vertex -2.5484035322810845 -1.8515235447212903 6
      vertex -2.659632965331347 -1.6878544041838397 6
    endloop
  endfacet
  facet normal 0 0 1
    outer loop
      vertex -2.0716279666832413 -2.5041680390213155 6
      vertex -1.9103020699505378 -2.629305231718579 6
      vertex -2.0078855677083722 -2.4271167147437365 6
    endloop
  endfacet
  facet normal 0 0 1
    outer loop
      vertex -1.9103020699505378 -2.629305231718579 6
      vertex -1.7414370836817394 -2.7440657578815486 6
      vertex -1.8515235447212903 -2.5484035322810845 6
    endloop
  endfacet
  facet normal 0 0 1
    outer loop
      vertex -1.9103020699505378 -2.629305231718579 6
      vertex -1.8515235447212903 -2.5484035322810845 6
      vertex -2.0078855677083722 -2.4271167147437365 6
    endloop
  endfacet
  facet normal 0 0 1
    outer loop
      vertex -1.7414370836817394 -2.7440657578815486 6
      vertex -1.6878544041838397 -2.659632965331347 6
      vertex -1.8515235447212903 -2.5484035322810845 6
    endloop
  endfacet
  facet normal 0 0 1
    outer loop
      vertex -1.7414370836817394 -2.7440657578815486 6
      vertex -1.5656994408305749 -2.8479967101425565 6
      vertex -1.6878544041838397 -2.659632965331347 6
    endloop
  endfacet
  facet normal 0 0 1
    outer loop
      vertex -2.369148039119588 -2.224778094268238 6
      vertex -2.224778094268238 -2.369148039119588 6
      vertex -2.2962511763774467 -2.156323383675369 6
    endloop
  endfacet
  facet normal 0 0 1
    outer loop
      vertex -2.5041680390213155 -2.0716279666832413 6
      vertex -2.369148039119588 -2.224778094268238 6
      vertex -2.4271167147437365 -2.0078855677083722 6
    endloop
  endfacet
  facet normal 0 0 1
    outer loop
      vertex -2.369148039119588 -2.224778094268238 6
      vertex -2.2962511763774467 -2.156323383675369 6
      vertex -2.4271167147437365 -2.0078855677083722 6
    endloop
  endfacet
  facet normal 0 0 1
    outer loop
      vertex -2.0716279666832413 -2.5041680390213155 6
      vertex -2.156323383675369 -2.2962511763774467 6
      vertex -2.224778094268238 -2.369148039119588 6
    endloop
  endfacet
  facet normal 0 0 1
    outer loop
      vertex -2.224778094268238 -2.369148039119588 6
      vertex -2.156323383675369 -2.2962511763774467 6
      vertex -2.2962511763774467 -2.156323383675369 6
    endloop
  endfacet
  facet normal 0 0 1
    outer loop
      vertex -2.0716279666832413 -2.5041680390213155 6
      vertex -2.0078855677083722 -2.4271167147437365 6
      vertex -2.156323383675369 -2.2962511763774467 6
    endloop
  endfacet
  facet normal -0.8910065241883679 -0.4539904997395468 0
    outer loop
      vertex -2.8479967101425565 -1.5656994408305749 0
      vertex -2.8479967101425565 -1.5656994408305749 6
      vertex -2.9406879205145637 -1.3837826975864855 6
    endloop
  endfacet
  facet normal -0.917754625683981 -0.3971478906347807 0
    outer loop
      vertex -2.9406879205145637 -1.3837826975864855 0
      vertex -2.9406879205145637 -1.3837826975864855 6
      vertex -3.021773579136817 -1.1964047962252031 6
    endloop
  endfacet
  facet normal -0.9602936856769427 -0.2789911060392301 0
    outer loop
      vertex -3.090933677959249 -1.004305231718579 0
      vertex -3.090933677959249 -1.004305231718579 6
      vertex -3.147895273668051 -0.8082421332857783 6
    endloop
  endfacet
  facet normal -0.9408807689542259 -0.3387379202452899 0
    outer loop
      vertex -3.021773579136817 -1.1964047962252031 0
      vertex -3.021773579136817 -1.1964047962252031 6
      vertex -3.090933677959249 -1.004305231718579 6
    endloop
  endfacet
  facet normal -0.9759167619387475 -0.21814324139654176 0
    outer loop
      vertex -3.147895273668051 -0.8082421332857783 0
      vertex -3.147895273668051 -0.8082421332857783 6
      vertex -3.192433564868238 -0.6089892724036057 6
    endloop
  endfacet
  facet normal -0.9876883405951377 -0.15643446504023165 0
    outer loop
      vertex -3.192433564868238 -0.6089892724036057 0
      vertex -3.192433564868238 -0.6089892724036057 6
      vertex -3.224372779272053 -0.40733300908398823 6
    endloop
  endfacet
  facet normal -0.99556196460308 -0.0941083133185138 0
    outer loop
      vertex -3.224372779272053 -0.40733300908398823 0
      vertex -3.224372779272053 -0.40733300908398823 6
      vertex -3.2435868673918824 -0.20406918847026814 6
    endloop
  endfacet
  facet normal -0.9995065603657315 -0.03141075907812921 0
    outer loop
      vertex -3.2435868673918824 -0.20406918847026814 0
      vertex -3.2435868673918824 -0.20406918847026814 6
      vertex -3.25 0 6
    endloop
  endfacet
  facet normal 0 0 1
    outer loop
      vertex -2.8479967101425565 -1.5656994408305749 6
      vertex -2.928795930547992 -1.1595923409567352 6
      vertex -2.9406879205145637 -1.3837826975864855 6
    endloop
  endfacet
  facet normal 0 0 1
    outer loop
      vertex -2.8479967101425565 -1.5656994408305749 6
      vertex -2.8502052152679616 -1.3412047684299782 6
      vertex -2.928795930547992 -1.1595923409567352 6
    endloop
  endfacet
  facet normal 0 0 1
    outer loop
      vertex -3.090933677959249 -1.004305231718579 6
      vertex -3.021773579136817 -1.1964047962252031 6
      vertex -3.051036957555188 -0.7833731445692927 6
    endloop
  endfacet
  facet normal 0 0 1
    outer loop
      vertex -2.9406879205145637 -1.3837826975864855 6
      vertex -2.9958280263297334 -0.9734035322810842 6
      vertex -3.021773579136817 -1.1964047962252031 6
    endloop
  endfacet
  facet normal 0 0 1
    outer loop
      vertex -2.9406879205145637 -1.3837826975864855 6
      vertex -2.928795930547992 -1.1595923409567352 6
      vertex -2.9958280263297334 -0.9734035322810842 6
    endloop
  endfacet
  facet normal 0 0 1
    outer loop
      vertex -3.021773579136817 -1.1964047962252031 6
      vertex -2.9958280263297334 -0.9734035322810842 6
      vertex -3.051036957555188 -0.7833731445692927 6
    endloop
  endfacet
  facet normal 0 0 1
    outer loop
      vertex -2.7440657578815486 -1.7414370836817394 6
      vertex -2.7603660421381697 -1.5175240734204034 6
      vertex -2.8479967101425565 -1.5656994408305749 6
    endloop
  endfacet
  facet normal 0 0 1
    outer loop
      vertex -2.8479967101425565 -1.5656994408305749 6
      vertex -2.7603660421381697 -1.5175240734204034 6
      vertex -2.8502052152679616 -1.3412047684299782 6
    endloop
  endfacet
  facet normal 0 0 1
    outer loop
      vertex -3.090933677959249 -1.004305231718579 6
      vertex -3.1251613091406054 -0.3947996857275578 6
      vertex -3.147895273668051 -0.8082421332857783 6
    endloop
  endfacet
  facet normal 0 0 1
    outer loop
      vertex -3.090933677959249 -1.004305231718579 6
      vertex -3.051036957555188 -0.7833731445692927 6
      vertex -3.094204839795369 -0.5902511409450332 6
    endloop
  endfacet
  facet normal 0 0 1
    outer loop
      vertex -3.090933677959249 -1.004305231718579 6
      vertex -3.094204839795369 -0.5902511409450332 6
      vertex -3.1251613091406054 -0.3947996857275578 6
    endloop
  endfacet
  facet normal 0 0 1
    outer loop
      vertex -3.147895273668051 -0.8082421332857783 6
      vertex -3.1251613091406054 -0.3947996857275578 6
      vertex -3.143784194549055 -0.19779013651733682 6
    endloop
  endfacet
  facet normal 0 0 1
    outer loop
      vertex -3.147895273668051 -0.8082421332857783 6
      vertex -3.192433564868238 0.6089892724036057 6
      vertex -3.192433564868238 -0.6089892724036057 6
    endloop
  endfacet
  facet normal 0 0 1
    outer loop
      vertex -3.147895273668051 -0.8082421332857783 6
      vertex -3.143784194549055 -0.19779013651733682 6
      vertex -3.15 0 6
    endloop
  endfacet
  facet normal 0 0 1
    outer loop
      vertex -3.192433564868238 -0.6089892724036057 6
      vertex -3.224372779272053 0.40733300908398823 6
      vertex -3.224372779272053 -0.40733300908398823 6
    endloop
  endfacet
  facet normal 0 0 1
    outer loop
      vertex -3.224372779272053 -0.40733300908398823 6
      vertex -3.2435868673918824 0.20406918847026814 6
      vertex -3.2435868673918824 -0.20406918847026814 6
    endloop
  endfacet
  facet normal 0 0 1
    outer loop
      vertex -3.147895273668051 -0.8082421332857783 6
      vertex -3.15 0 6
      vertex -3.192433564868238 0.6089892724036057 6
    endloop
  endfacet
  facet normal -0.4539904997395468 -0.8910065241883679 0
    outer loop
      vertex -1.5656994408305749 -2.8479967101425565 0
      vertex -1.3837826975864855 -2.9406879205145637 6
      vertex -1.5656994408305749 -2.8479967101425565 6
    endloop
  endfacet
  facet normal -0.3971478906347807 -0.917754625683981 0
    outer loop
      vertex -1.3837826975864855 -2.9406879205145637 0
      vertex -1.1964047962252031 -3.021773579136817 6
      vertex -1.3837826975864855 -2.9406879205145637 6
    endloop
  endfacet
  facet normal -0.3387379202452899 -0.9408807689542259 0
    outer loop
      vertex -1.1964047962252031 -3.021773579136817 0
      vertex -1.004305231718579 -3.090933677959249 6
      vertex -1.1964047962252031 -3.021773579136817 6
    endloop
  endfacet
  facet normal -0.2789911060392301 -0.9602936856769427 0
    outer loop
      vertex -1.004305231718579 -3.090933677959249 0
      vertex -0.8082421332857783 -3.147895273668051 6
      vertex -1.004305231718579 -3.090933677959249 6
    endloop
  endfacet
  facet normal -0.21814324139654176 -0.9759167619387475 0
    outer loop
      vertex -0.8082421332857783 -3.147895273668051 0
      vertex -0.6089892724036057 -3.192433564868238 6
      vertex -0.8082421332857783 -3.147895273668051 6
    endloop
  endfacet
  facet normal -0.15643446504023165 -0.9876883405951377 0
    outer loop
      vertex -0.6089892724036057 -3.192433564868238 0
      vertex -0.40733300908398823 -3.224372779272053 6
      vertex -0.6089892724036057 -3.192433564868238 6
    endloop
  endfacet
  facet normal -0.09410831331851453 -0.99556196460308 0
    outer loop
      vertex -0.40733300908398823 -3.224372779272053 0
      vertex -0.20406918847026972 -3.2435868673918824 6
      vertex -0.40733300908398823 -3.224372779272053 6
    endloop
  endfacet
  facet normal -0.03141075907812896 -0.9995065603657315 0
    outer loop
      vertex -0.20406918847026972 -3.2435868673918824 0
      vertex 0 -3.25 6
      vertex -0.20406918847026972 -3.2435868673918824 6
    endloop
  endfacet
  facet normal 0 0 1
    outer loop
      vertex -1.5656994408305749 -2.8479967101425565 6
      vertex -1.3837826975864855 -2.9406879205145637 6
      vertex -1.5175240734204034 -2.7603660421381697 6
    endloop
  endfacet
  facet normal 0 0 1
    outer loop
      vertex -1.3837826975864855 -2.9406879205145637 6
      vertex -1.3412047684299782 -2.8502052152679616 6
      vertex -1.5175240734204034 -2.7603660421381697 6
    endloop
  endfacet
  facet normal 0 0 1
    outer loop
      vertex -1.3837826975864855 -2.9406879205145637 6
      vertex -1.1964047962252031 -3.021773579136817 6
      vertex -1.3412047684299782 -2.8502052152679616 6
    endloop
  endfacet
  facet normal 0 0 1
    outer loop
      vertex -1.1964047962252031 -3.021773579136817 6
      vertex -1.1595923409567352 -2.928795930547992 6
      vertex -1.3412047684299782 -2.8502052152679616 6
    endloop
  endfacet
  facet normal 0 0 1
    outer loop
      vertex -1.5656994408305749 -2.8479967101425565 6
      vertex -1.5175240734204034 -2.7603660421381697 6
      vertex -1.6878544041838397 -2.659632965331347 6
    endloop
  endfacet
  facet normal 0 0 1
    outer loop
      vertex -1.1964047962252031 -3.021773579136817 6
      vertex -1.004305231718579 -3.090933677959249 6
      vertex -1.1595923409567352 -2.928795930547992 6
    endloop
  endfacet
  facet normal 0 0 1
    outer loop
      vertex -1.004305231718579 -3.090933677959249 6
      vertex -0.9734035322810842 -2.9958280263297334 6
      vertex -1.1595923409567352 -2.928795930547992 6
    endloop
  endfacet
  facet normal 0 0 1
    outer loop
      vertex -1.004305231718579 -3.090933677959249 6
      vertex -0.8082421332857783 -3.147895273668051 6
      vertex -0.9734035322810842 -2.9958280263297334 6
    endloop
  endfacet
  facet normal 0 0 1
    outer loop
      vertex -0.8082421332857783 -3.147895273668051 6
      vertex -0.7833731445692927 -3.051036957555188 6
      vertex -0.9734035322810842 -2.9958280263297334 6
    endloop
  endfacet
  facet normal 0 0 1
    outer loop
      vertex -0.8082421332857783 -3.147895273668051 6
      vertex -0.6089892724036057 -3.192433564868238 6
      vertex -0.7833731445692927 -3.051036957555188 6
    endloop
  endfacet
  facet normal 0 0 1
    outer loop
      vertex -0.6089892724036057 -3.192433564868238 6
      vertex -0.5902511409450332 -3.094204839795369 6
      vertex -0.7833731445692927 -3.051036957555188 6
    endloop
  endfacet
  facet normal 0 0 1
    outer loop
      vertex -0.6089892724036057 -3.192433564868238 6
      vertex -0.40733300908398823 -3.224372779272053 6
      vertex -0.5902511409450332 -3.094204839795369 6
    endloop
  endfacet
  facet normal 0 0 1
    outer loop
      vertex -0.40733300908398823 -3.224372779272053 6
      vertex -0.3947996857275578 -3.1251613091406054 6
      vertex -0.5902511409450332 -3.094204839795369 6
    endloop
  endfacet
  facet normal 0 0 1
    outer loop
      vertex -0.40733300908398823 -3.224372779272053 6
      vertex -0.20406918847026972 -3.2435868673918824 6
      vertex -0.3947996857275578 -3.1251613091406054 6
    endloop
  endfacet
  facet normal 0 0 1
    outer loop
      vertex -0.20406918847026972 -3.2435868673918824 6
      vertex -0.19779013651733834 -3.143784194549055 6
      vertex -0.3947996857275578 -3.1251613091406054 6
    endloop
  endfacet
  facet normal 0 0 1
    outer loop
      vertex -0.20406918847026972 -3.2435868673918824 6
      vertex 0 -3.25 6
      vertex -0.19779013651733834 -3.143784194549055 6
    endloop
  endfacet
  facet normal 0 0 1
    outer loop
      vertex 0 -3.25 6
      vertex 0 -3.15 6
      vertex -0.19779013651733834 -3.143784194549055 6
    endloop
  endfacet
  facet normal 0 0 -1
    outer loop
      vertex -3.2435868673918824 -0.20406918847026814 0
      vertex -3.25 0 0
      vertex -3.2435868673918824 0.20406918847026814 0
    endloop
  endfacet
  facet normal 0 0 -1
    outer loop
      vertex -3.2435868673918824 -0.20406918847026814 0
      vertex -3.2435868673918824 0.20406918847026814 0
      vertex -3.224372779272053 0.40733300908398823 0
    endloop
  endfacet
  facet normal 0 0 -1
    outer loop
      vertex -3.224372779272053 -0.40733300908398823 0
      vertex -3.224372779272053 0.40733300908398823 0
      vertex -3.192433564868238 0.6089892724036057 0
    endloop
  endfacet
  facet normal 0 0 -1
    outer loop
      vertex -3.192433564868238 -0.6089892724036057 0
      vertex -3.192433564868238 0.6089892724036057 0
      vertex -3.147895273668051 0.8082421332857783 0
    endloop
  endfacet
  facet normal 0 0 -1
    outer loop
      vertex -3.147895273668051 -0.8082421332857783 0
      vertex -3.147895273668051 0.8082421332857783 0
      vertex -3.090933677959249 1.004305231718579 0
    endloop
  endfacet
  facet normal 0 0 -1
    outer loop
      vertex -3.090933677959249 -1.004305231718579 0
      vertex -3.090933677959249 1.004305231718579 0
      vertex -3.021773579136817 1.1964047962252031 0
    endloop
  endfacet
  facet normal 0 0 -1
    outer loop
      vertex -3.021773579136817 -1.1964047962252031 0
      vertex -3.021773579136817 1.1964047962252031 0
      vertex -2.9406879205145637 1.3837826975864855 0
    endloop
  endfacet
  facet normal 0 0 -1
    outer loop
      vertex -2.9406879205145637 -1.3837826975864855 0
      vertex -2.9406879205145637 1.3837826975864855 0
      vertex -2.8479967101425565 1.5656994408305749 0
    endloop
  endfacet
  facet normal 0 0 -1
    outer loop
      vertex -2.8479967101425565 -1.5656994408305749 0
      vertex -2.8479967101425565 1.5656994408305749 0
      vertex -2.7440657578815486 1.7414370836817394 0
    endloop
  endfacet
  facet normal 0 0 -1
    outer loop
      vertex -2.7440657578815486 -1.7414370836817394 0
      vertex -2.7440657578815486 1.7414370836817394 0
      vertex -2.629305231718579 1.9103020699505378 0
    endloop
  endfacet
  facet normal 0 0 -1
    outer loop
      vertex -2.629305231718579 -1.9103020699505378 0
      vertex -2.629305231718579 1.9103020699505378 0
      vertex -2.5041680390213155 2.0716279666832413 0
    endloop
  endfacet
  facet normal 0 0 -1
    outer loop
      vertex -2.5041680390213155 -2.0716279666832413 0
      vertex -2.5041680390213155 2.0716279666832413 0
      vertex -2.369148039119588 2.224778094268238 0
    endloop
  endfacet
  facet normal 0 0 -1
    outer loop
      vertex -2.369148039119588 -2.224778094268238 0
      vertex -2.369148039119588 2.224778094268238 0
      vertex -2.224778094268238 2.369148039119588 0
    endloop
  endfacet
  facet normal 0 0 -1
    outer loop
      vertex -2.224778094268238 -2.369148039119588 0
      vertex -2.224778094268238 2.369148039119588 0
      vertex -2.0716279666832413 2.5041680390213155 0
    endloop
  endfacet
  facet normal 0 0 -1
    outer loop
      vertex -2.0716279666832413 -2.5041680390213155 0
      vertex -2.0716279666832413 2.5041680390213155 0
      vertex -1.9103020699505378 2.629305231718579 0
    endloop
  endfacet
  facet normal 0 0 -1
    outer loop
      vertex -1.9103020699505378 -2.629305231718579 0
      vertex -1.9103020699505378 2.629305231718579 0
      vertex -1.7414370836817394 2.7440657578815486 0
    endloop
  endfacet
  facet normal 0 0 -1
    outer loop
      vertex -1.7414370836817394 -2.7440657578815486 0
      vertex -1.7414370836817394 2.7440657578815486 0
      vertex -1.5656994408305744 2.8479967101425565 0
    endloop
  endfacet
  facet normal -0.9995065603657315 0.03141075907812921 0
    outer loop
      vertex -3.25 0 0
      vertex -3.2435868673918824 0.20406918847026814 6
      vertex -3.2435868673918824 0.20406918847026814 0
    endloop
  endfacet
  facet normal -0.99556196460308 0.0941083133185138 0
    outer loop
      vertex -3.2435868673918824 0.20406918847026814 0
      vertex -3.224372779272053 0.40733300908398823 6
      vertex -3.224372779272053 0.40733300908398823 0
    endloop
  endfacet
  facet normal -0.9876883405951377 0.15643446504023165 0
    outer loop
      vertex -3.224372779272053 0.40733300908398823 0
      vertex -3.192433564868238 0.6089892724036057 6
      vertex -3.192433564868238 0.6089892724036057 0
    endloop
  endfacet
  facet normal -0.9759167619387475 0.21814324139654176 0
    outer loop
      vertex -3.192433564868238 0.6089892724036057 0
      vertex -3.147895273668051 0.8082421332857783 6
      vertex -3.147895273668051 0.8082421332857783 0
    endloop
  endfacet
  facet normal -0.9602936856769427 0.2789911060392301 0
    outer loop
      vertex -3.147895273668051 0.8082421332857783 0
      vertex -3.090933677959249 1.004305231718579 6
      vertex -3.090933677959249 1.004305231718579 0
    endloop
  endfacet
  facet normal -0.9408807689542259 0.3387379202452899 0
    outer loop
      vertex -3.090933677959249 1.004305231718579 0
      vertex -3.021773579136817 1.1964047962252031 6
      vertex -3.021773579136817 1.1964047962252031 0
    endloop
  endfacet
  facet normal -0.917754625683981 0.3971478906347807 0
    outer loop
      vertex -3.021773579136817 1.1964047962252031 0
      vertex -2.9406879205145637 1.3837826975864855 6
      vertex -2.9406879205145637 1.3837826975864855 0
    endloop
  endfacet
  facet normal -0.8910065241883679 0.4539904997395468 0
    outer loop
      vertex -2.9406879205145637 1.3837826975864855 0
      vertex -2.8479967101425565 1.5656994408305749 6
      vertex -2.8479967101425565 1.5656994408305749 0
    endloop
  endfacet
  facet normal -0.8607420270039434 0.5090414157503718 0
    outer loop
      vertex -2.8479967101425565 1.5656994408305749 0
      vertex -2.7440657578815486 1.7414370836817394 6
      vertex -2.7440657578815486 1.7414370836817394 0
    endloop
  endfacet
  facet normal -0.8270805742745618 0.5620833778521305 0
    outer loop
      vertex -2.7440657578815486 1.7414370836817394 0
      vertex -2.629305231718579 1.9103020699505378 6
      vertex -2.629305231718579 1.9103020699505378 0
    endloop
  endfacet
  facet normal -0.7901550123756912 0.6129070536529754 0
    outer loop
      vertex -2.629305231718579 1.9103020699505378 0
      vertex -2.5041680390213155 2.0716279666832413 6
      vertex -2.5041680390213155 2.0716279666832413 0
    endloop
  endfacet
  facet normal -0.7501110696304595 0.6613118653236518 0
    outer loop
      vertex -2.5041680390213155 2.0716279666832413 0
      vertex -2.369148039119588 2.224778094268238 6
      vertex -2.369148039119588 2.224778094268238 0
    endloop
  endfacet
  facet normal -0.7071067811865475 0.7071067811865475 0
    outer loop
      vertex -2.369148039119588 2.224778094268238 0
      vertex -2.224778094268238 2.369148039119588 6
      vertex -2.224778094268238 2.369148039119588 0
    endloop
  endfacet
  facet normal -0.6613118653236518 0.7501110696304595 0
    outer loop
      vertex -2.224778094268238 2.369148039119588 0
      vertex -2.224778094268238 2.369148039119588 6
      vertex -2.0716279666832413 2.5041680390213155 0
    endloop
  endfacet
  facet normal -0.6129070536529754 0.7901550123756912 0
    outer loop
      vertex -2.0716279666832413 2.5041680390213155 0
      vertex -2.0716279666832413 2.5041680390213155 6
      vertex -1.9103020699505378 2.629305231718579 0
    endloop
  endfacet
  facet normal -0.5620833778521305 0.8270805742745618 0
    outer loop
      vertex -1.9103020699505378 2.629305231718579 0
      vertex -1.9103020699505378 2.629305231718579 6
      vertex -1.7414370836817394 2.7440657578815486 0
    endloop
  endfacet
  facet normal -0.5090414157503709 0.860742027003944 0
    outer loop
      vertex -1.7414370836817394 2.7440657578815486 0
      vertex -1.7414370836817394 2.7440657578815486 6
      vertex -1.5656994408305744 2.8479967101425565 0
    endloop
  endfacet
  facet normal 0 0 -1
    outer loop
      vertex -1.004305231718579 -3.090933677959249 0
      vertex -1.004305231718579 3.090933677959249 0
      vertex -1 0 0
    endloop
  endfacet
  facet normal 0 0 -1
    outer loop
      vertex -1.5656994408305749 -2.8479967101425565 0
      vertex -1.5656994408305744 2.8479967101425565 0
      vertex -1.3837826975864864 2.9406879205145633 0
    endloop
  endfacet
  facet normal 0 0 -1
    outer loop
      vertex -1.3837826975864855 -2.9406879205145637 0
      vertex -1.3837826975864864 2.9406879205145633 0
      vertex -1.1964047962252031 3.021773579136817 0
    endloop
  endfacet
  facet normal 0 0 -1
    outer loop
      vertex -1.1964047962252031 -3.021773579136817 0
      vertex -1.1964047962252031 3.021773579136817 0
      vertex -1.004305231718579 3.090933677959249 0
    endloop
  endfacet
  facet normal 0 0 -1
    outer loop
      vertex -1.004305231718579 3.090933677959249 0
      vertex -0.9980267284282716 0.06279051952931328 0
      vertex -1 0 0
    endloop
  endfacet
  facet normal 0 0 -1
    outer loop
      vertex -1.004305231718579 3.090933677959249 0
      vertex -0.9921147013144779 0.12533323356430406 0
      vertex -0.9980267284282716 0.06279051952931328 0
    endloop
  endfacet
  facet normal 0 0 -1
    outer loop
      vertex -1.004305231718579 3.090933677959249 0
      vertex -0.9822872507286886 0.18738131458572482 0
      vertex -0.9921147013144779 0.12533323356430406 0
    endloop
  endfacet
  facet normal 0 0 -1
    outer loop
      vertex -1.004305231718579 3.090933677959249 0
      vertex -0.9685831611286311 0.24868988716485485 0
      vertex -0.9822872507286886 0.18738131458572482 0
    endloop
  endfacet
  facet normal 0 0 -1
    outer loop
      vertex -1.004305231718579 3.090933677959249 0
      vertex -0.9510565162951535 0.3090169943749474 0
      vertex -0.9685831611286311 0.24868988716485485 0
    endloop
  endfacet
  facet normal 0 0 -1
    outer loop
      vertex -1.004305231718579 3.090933677959249 0
      vertex -0.9297764858882515 0.36812455268467786 0
      vertex -0.9510565162951535 0.3090169943749474 0
    endloop
  endfacet
  facet normal 0 0 -1
    outer loop
      vertex -1.004305231718579 3.090933677959249 0
      vertex -0.9048270524660196 0.42577929156507244 0
      vertex -0.9297764858882515 0.36812455268467786 0
    endloop
  endfacet
  facet normal 0 0 -1
    outer loop
      vertex -0.8082421332857783 3.147895273668051 0
      vertex -0.8763066800438635 0.4817536741017154 0
      vertex -0.9048270524660196 0.42577929156507244 0
    endloop
  endfacet
  facet normal 0 0 -1
    outer loop
      vertex -0.8082421332857783 3.147895273668051 0
      vertex -0.844327925502015 0.5358267949789968 0
      vertex -0.8763066800438635 0.4817536741017154 0
    endloop
  endfacet
  facet normal 0 0 -1
    outer loop
      vertex -0.8082421332857783 3.147895273668051 0
      vertex -0.8090169943749475 0.5877852522924731 0
      vertex -0.844327925502015 0.5358267949789968 0
    endloop
  endfacet
  facet normal 0 0 -1
    outer loop
      vertex -0.8082421332857783 3.147895273668051 0
      vertex -0.7705132427757894 0.6374239897486896 0
      vertex -0.8090169943749475 0.5877852522924731 0
    endloop
  endfacet
  facet normal 0 0 -1
    outer loop
      vertex -0.8082421332857783 3.147895273668051 0
      vertex -0.7289686274214117 0.6845471059286885 0
      vertex -0.7705132427757894 0.6374239897486896 0
    endloop
  endfacet
  facet normal 0 0 -1
    outer loop
      vertex -0.6089892724036049 3.1924335648682383 0
      vertex -0.6845471059286885 0.7289686274214117 0
      vertex -0.7289686274214117 0.6845471059286885 0
    endloop
  endfacet
  facet normal 0 0 -1
    outer loop
      vertex -0.6089892724036049 3.1924335648682383 0
      vertex -0.6374239897486896 0.7705132427757894 0
      vertex -0.6845471059286885 0.7289686274214117 0
    endloop
  endfacet
  facet normal 0 0 -1
    outer loop
      vertex -0.6089892724036049 3.1924335648682383 0
      vertex -0.5877852522924731 0.8090169943749475 0
      vertex -0.6374239897486896 0.7705132427757894 0
    endloop
  endfacet
  facet normal 0 0 -1
    outer loop
      vertex -0.6089892724036049 3.1924335648682383 0
      vertex -0.5358267949789968 0.844327925502015 0
      vertex -0.5877852522924731 0.8090169943749475 0
    endloop
  endfacet
  facet normal 0 0 -1
    outer loop
      vertex -1.004305231718579 3.090933677959249 0
      vertex -0.8082421332857783 3.147895273668051 0
      vertex -0.9048270524660196 0.42577929156507244 0
    endloop
  endfacet
  facet normal 0 0 -1
    outer loop
      vertex -0.6089892724036049 3.1924335648682383 0
      vertex -0.4817536741017152 0.8763066800438636 0
      vertex -0.5358267949789968 0.844327925502015 0
    endloop
  endfacet
  facet normal 0 0 -1
    outer loop
      vertex -0.40733300908398895 3.224372779272053 0
      vertex -0.4257792915650727 0.9048270524660195 0
      vertex -0.4817536741017152 0.8763066800438636 0
    endloop
  endfacet
  facet normal 0 0 -1
    outer loop
      vertex -0.8082421332857783 3.147895273668051 0
      vertex -0.6089892724036049 3.1924335648682383 0
      vertex -0.7289686274214117 0.6845471059286885 0
    endloop
  endfacet
  facet normal 0 0 -1
    outer loop
      vertex -0.6089892724036049 3.1924335648682383 0
      vertex -0.40733300908398895 3.224372779272053 0
      vertex -0.4817536741017152 0.8763066800438636 0
    endloop
  endfacet
  facet normal 0 0 -1
    outer loop
      vertex -0.40733300908398895 3.224372779272053 0
      vertex -0.36812455268467786 0.9297764858882515 0
      vertex -0.4257792915650727 0.9048270524660195 0
    endloop
  endfacet
  facet normal 0 0 -1
    outer loop
      vertex -0.40733300908398895 3.224372779272053 0
      vertex -0.3090169943749474 0.9510565162951535 0
      vertex -0.36812455268467786 0.9297764858882515 0
    endloop
  endfacet
  facet normal 0 0 -1
    outer loop
      vertex -0.20406918847026814 3.2435868673918824 0
      vertex -0.24868988716485485 0.9685831611286311 0
      vertex -0.3090169943749474 0.9510565162951535 0
    endloop
  endfacet
  facet normal 0 0 -1
    outer loop
      vertex -0.20406918847026814 3.2435868673918824 0
      vertex -0.18738131458572457 0.9822872507286887 0
      vertex -0.24868988716485485 0.9685831611286311 0
    endloop
  endfacet
  facet normal 0 0 -1
    outer loop
      vertex -0.20406918847026814 3.2435868673918824 0
      vertex -0.12533323356430429 0.9921147013144779 0
      vertex -0.18738131458572457 0.9822872507286887 0
    endloop
  endfacet
  facet normal 0 0 -1
    outer loop
      vertex 0 3.25 0
      vertex -0.06279051952931328 0.9980267284282716 0
      vertex -0.12533323356430429 0.9921147013144779 0
    endloop
  endfacet
  facet normal 0 0 -1
    outer loop
      vertex 0 3.25 0
      vertex 0 1 0
      vertex -0.06279051952931328 0.9980267284282716 0
    endloop
  endfacet
  facet normal 0 0 -1
    outer loop
      vertex -0.40733300908398895 3.224372779272053 0
      vertex -0.20406918847026814 3.2435868673918824 0
      vertex -0.3090169943749474 0.9510565162951535 0
    endloop
  endfacet
  facet normal 0 0 -1
    outer loop
      vertex -0.20406918847026814 3.2435868673918824 0
      vertex 0 3.25 0
      vertex -0.12533323356430429 0.9921147013144779 0
    endloop
  endfacet
  facet normal -0.4539904997395477 0.8910065241883673 0
    outer loop
      vertex -1.5656994408305744 2.8479967101425565 0
      vertex -1.5656994408305744 2.8479967101425565 6
      vertex -1.3837826975864864 2.9406879205145633 0
    endloop
  endfacet
  facet normal -0.3971478906347809 0.9177546256839809 0
    outer loop
      vertex -1.3837826975864864 2.9406879205145633 0
      vertex -1.3837826975864864 2.9406879205145633 6
      vertex -1.1964047962252031 3.021773579136817 0
    endloop
  endfacet
  facet normal -0.3387379202452899 0.9408807689542259 0
    outer loop
      vertex -1.1964047962252031 3.021773579136817 0
      vertex -1.1964047962252031 3.021773579136817 6
      vertex -1.004305231718579 3.090933677959249 0
    endloop
  endfacet
  facet normal -0.2789911060392301 0.9602936856769427 0
    outer loop
      vertex -1.004305231718579 3.090933677959249 0
      vertex -1.004305231718579 3.090933677959249 6
      vertex -0.8082421332857783 3.147895273668051 0
    endloop
  endfacet
  facet normal -0.218143241396543 0.9759167619387473 0
    outer loop
      vertex -0.8082421332857783 3.147895273668051 0
      vertex -0.8082421332857783 3.147895273668051 6
      vertex -0.6089892724036049 3.1924335648682383 0
    endloop
  endfacet
  facet normal -0.15643446504023065 0.9876883405951378 0
    outer loop
      vertex -0.6089892724036049 3.1924335648682383 0
      vertex -0.6089892724036049 3.1924335648682383 6
      vertex -0.40733300908398895 3.224372779272053 0
    endloop
  endfacet
  facet normal -0.09410831331851348 0.99556196460308 0
    outer loop
      vertex -0.40733300908398895 3.224372779272053 0
      vertex -0.40733300908398895 3.224372779272053 6
      vertex -0.20406918847026814 3.2435868673918824 0
    endloop
  endfacet
  facet normal -0.03141075907812921 0.9995065603657315 0
    outer loop
      vertex -0.20406918847026814 3.2435868673918824 0
      vertex -0.20406918847026814 3.2435868673918824 6
      vertex 0 3.25 0
    endloop
  endfacet
  facet normal -0.9995065603657315 0.03141075907812921 0
    outer loop
      vertex -3.25 0 0
      vertex -3.25 0 6
      vertex -3.2435868673918824 0.20406918847026814 6
    endloop
  endfacet
  facet normal -0.99556196460308 0.0941083133185138 0
    outer loop
      vertex -3.2435868673918824 0.20406918847026814 0
      vertex -3.2435868673918824 0.20406918847026814 6
      vertex -3.224372779272053 0.40733300908398823 6
    endloop
  endfacet
  facet normal -0.9876883405951377 0.15643446504023165 0
    outer loop
      vertex -3.224372779272053 0.40733300908398823 0
      vertex -3.224372779272053 0.40733300908398823 6
      vertex -3.192433564868238 0.6089892724036057 6
    endloop
  endfacet
  facet normal -0.9759167619387475 0.21814324139654176 0
    outer loop
      vertex -3.192433564868238 0.6089892724036057 0
      vertex -3.192433564868238 0.6089892724036057 6
      vertex -3.147895273668051 0.8082421332857783 6
    endloop
  endfacet
  facet normal -0.9602936856769427 0.2789911060392301 0
    outer loop
      vertex -3.147895273668051 0.8082421332857783 0
      vertex -3.147895273668051 0.8082421332857783 6
      vertex -3.090933677959249 1.004305231718579 6
    endloop
  endfacet
  facet normal -0.9408807689542259 0.3387379202452899 0
    outer loop
      vertex -3.090933677959249 1.004305231718579 0
      vertex -3.090933677959249 1.004305231718579 6
      vertex -3.021773579136817 1.1964047962252031 6
    endloop
  endfacet
  facet normal -0.917754625683981 0.3971478906347807 0
    outer loop
      vertex -3.021773579136817 1.1964047962252031 0
      vertex -3.021773579136817 1.1964047962252031 6
      vertex -2.9406879205145637 1.3837826975864855 6
    endloop
  endfacet
  facet normal -0.8910065241883679 0.4539904997395468 0
    outer loop
      vertex -2.9406879205145637 1.3837826975864855 0
      vertex -2.9406879205145637 1.3837826975864855 6
      vertex -2.8479967101425565 1.5656994408305749 6
    endloop
  endfacet
  facet normal -0.8607420270039434 0.5090414157503718 0
    outer loop
      vertex -2.8479967101425565 1.5656994408305749 0
      vertex -2.8479967101425565 1.5656994408305749 6
      vertex -2.7440657578815486 1.7414370836817394 6
    endloop
  endfacet
  facet normal 0 0 1
    outer loop
      vertex -3.2435868673918824 -0.20406918847026814 6
      vertex -3.2435868673918824 0.20406918847026814 6
      vertex -3.25 0 6
    endloop
  endfacet
  facet normal 0 0 1
    outer loop
      vertex -3.224372779272053 -0.40733300908398823 6
      vertex -3.224372779272053 0.40733300908398823 6
      vertex -3.2435868673918824 0.20406918847026814 6
    endloop
  endfacet
  facet normal 0 0 1
    outer loop
      vertex -3.192433564868238 -0.6089892724036057 6
      vertex -3.192433564868238 0.6089892724036057 6
      vertex -3.224372779272053 0.40733300908398823 6
    endloop
  endfacet
  facet normal 0 0 1
    outer loop
      vertex -3.192433564868238 0.6089892724036057 6
      vertex -3.15 0 6
      vertex -3.143784194549055 0.19779013651733682 6
    endloop
  endfacet
  facet normal 0 0 1
    outer loop
      vertex -3.192433564868238 0.6089892724036057 6
      vertex -3.143784194549055 0.19779013651733682 6
      vertex -3.147895273668051 0.8082421332857783 6
    endloop
  endfacet
  facet normal 0 0 1
    outer loop
      vertex -3.147895273668051 0.8082421332857783 6
      vertex -3.143784194549055 0.19779013651733682 6
      vertex -3.1251613091406054 0.3947996857275578 6
    endloop
  endfacet
  facet normal 0 0 1
    outer loop
      vertex -3.147895273668051 0.8082421332857783 6
      vertex -3.1251613091406054 0.3947996857275578 6
      vertex -3.094204839795369 0.5902511409450332 6
    endloop
  endfacet
  facet normal 0 0 1
    outer loop
      vertex -3.147895273668051 0.8082421332857783 6
      vertex -3.094204839795369 0.5902511409450332 6
      vertex -3.051036957555188 0.7833731445692927 6
    endloop
  endfacet
  facet normal 0 0 1
    outer loop
      vertex -3.147895273668051 0.8082421332857783 6
      vertex -3.051036957555188 0.7833731445692927 6
      vertex -3.090933677959249 1.004305231718579 6
    endloop
  endfacet
  facet normal 0 0 1
    outer loop
      vertex -3.090933677959249 1.004305231718579 6
      vertex -3.051036957555188 0.7833731445692927 6
      vertex -2.9958280263297334 0.9734035322810842 6
    endloop
  endfacet
  facet normal 0 0 1
    outer loop
      vertex -3.090933677959249 1.004305231718579 6
      vertex -2.9958280263297334 0.9734035322810842 6
      vertex -3.021773579136817 1.1964047962252031 6
    endloop
  endfacet
  facet normal 0 0 1
    outer loop
      vertex -3.021773579136817 1.1964047962252031 6
      vertex -2.9958280263297334 0.9734035322810842 6
      vertex -2.928795930547992 1.1595923409567352 6
    endloop
  endfacet
  facet normal 0 0 1
    outer loop
      vertex -3.021773579136817 1.1964047962252031 6
      vertex -2.928795930547992 1.1595923409567352 6
      vertex -2.9406879205145637 1.3837826975864855 6
    endloop
  endfacet
  facet normal 0 0 1
    outer loop
      vertex -2.9406879205145637 1.3837826975864855 6
      vertex -2.928795930547992 1.1595923409567352 6
      vertex -2.8502052152679616 1.3412047684299782 6
    endloop
  endfacet
  facet normal 0 0 1
    outer loop
      vertex -2.9406879205145637 1.3837826975864855 6
      vertex -2.8502052152679616 1.3412047684299782 6
      vertex -2.7603660421381697 1.5175240734204034 6
    endloop
  endfacet
  facet normal 0 0 1
    outer loop
      vertex -2.9406879205145637 1.3837826975864855 6
      vertex -2.7603660421381697 1.5175240734204034 6
      vertex -2.8479967101425565 1.5656994408305749 6
    endloop
  endfacet
  facet normal 0 0 1
    outer loop
      vertex -2.8479967101425565 1.5656994408305749 6
      vertex -2.7603660421381697 1.5175240734204034 6
      vertex -2.659632965331347 1.6878544041838397 6
    endloop
  endfacet
  facet normal -0.8270805742745618 0.5620833778521305 0
    outer loop
      vertex -2.7440657578815486 1.7414370836817394 0
      vertex -2.7440657578815486 1.7414370836817394 6
      vertex -2.629305231718579 1.9103020699505378 6
    endloop
  endfacet
  facet normal -0.7901550123756912 0.6129070536529754 0
    outer loop
      vertex -2.629305231718579 1.9103020699505378 0
      vertex -2.629305231718579 1.9103020699505378 6
      vertex -2.5041680390213155 2.0716279666832413 6
    endloop
  endfacet
  facet normal -0.7501110696304595 0.6613118653236518 0
    outer loop
      vertex -2.5041680390213155 2.0716279666832413 0
      vertex -2.5041680390213155 2.0716279666832413 6
      vertex -2.369148039119588 2.224778094268238 6
    endloop
  endfacet
  facet normal -0.7071067811865475 0.7071067811865475 0
    outer loop
      vertex -2.369148039119588 2.224778094268238 0
      vertex -2.369148039119588 2.224778094268238 6
      vertex -2.224778094268238 2.369148039119588 6
    endloop
  endfacet
  facet normal -0.6613118653236518 0.7501110696304595 0
    outer loop
      vertex -2.0716279666832413 2.5041680390213155 0
      vertex -2.224778094268238 2.369148039119588 6
      vertex -2.0716279666832413 2.5041680390213155 6
    endloop
  endfacet
  facet normal -0.6129070536529754 0.7901550123756912 0
    outer loop
      vertex -1.9103020699505378 2.629305231718579 0
      vertex -2.0716279666832413 2.5041680390213155 6
      vertex -1.9103020699505378 2.629305231718579 6
    endloop
  endfacet
  facet normal -0.5620833778521305 0.8270805742745618 0
    outer loop
      vertex -1.7414370836817394 2.7440657578815486 0
      vertex -1.9103020699505378 2.629305231718579 6
      vertex -1.7414370836817394 2.7440657578815486 6
    endloop
  endfacet
  facet normal 0 0 1
    outer loop
      vertex -2.8479967101425565 1.5656994408305749 6
      vertex -2.659632965331347 1.6878544041838397 6
      vertex -2.7440657578815486 1.7414370836817394 6
    endloop
  endfacet
  facet normal 0 0 1
    outer loop
      vertex -2.7440657578815486 1.7414370836817394 6
      vertex -2.659632965331347 1.6878544041838397 6
      vertex -2.5484035322810845 1.8515235447212903 6
    endloop
  endfacet
  facet normal 0 0 1
    outer loop
      vertex -2.7440657578815486 1.7414370836817394 6
      vertex -2.5484035322810845 1.8515235447212903 6
      vertex -2.629305231718579 1.9103020699505378 6
    endloop
  endfacet
  facet normal 0 0 1
    outer loop
      vertex -2.629305231718579 1.9103020699505378 6
      vertex -2.5484035322810845 1.8515235447212903 6
      vertex -2.4271167147437365 2.0078855677083722 6
    endloop
  endfacet
  facet normal 0 0 1
    outer loop
      vertex -2.629305231718579 1.9103020699505378 6
      vertex -2.4271167147437365 2.0078855677083722 6
      vertex -2.5041680390213155 2.0716279666832413 6
    endloop
  endfacet
  facet normal 0 0 1
    outer loop
      vertex -2.5041680390213155 2.0716279666832413 6
      vertex -2.4271167147437365 2.0078855677083722 6
      vertex -2.2962511763774467 2.156323383675369 6
    endloop
  endfacet
  facet normal 0 0 1
    outer loop
      vertex -2.5041680390213155 2.0716279666832413 6
      vertex -2.2962511763774467 2.156323383675369 6
      vertex -2.369148039119588 2.224778094268238 6
    endloop
  endfacet
  facet normal 0 0 1
    outer loop
      vertex -2.369148039119588 2.224778094268238 6
      vertex -2.2962511763774467 2.156323383675369 6
      vertex -2.156323383675369 2.2962511763774467 6
    endloop
  endfacet
  facet normal 0 0 1
    outer loop
      vertex -2.369148039119588 2.224778094268238 6
      vertex -2.156323383675369 2.2962511763774467 6
      vertex -2.224778094268238 2.369148039119588 6
    endloop
  endfacet
  facet normal 0 0 1
    outer loop
      vertex -2.224778094268238 2.369148039119588 6
      vertex -2.156323383675369 2.2962511763774467 6
      vertex -2.0078855677083722 2.4271167147437365 6
    endloop
  endfacet
  facet normal 0 0 1
    outer loop
      vertex -2.224778094268238 2.369148039119588 6
      vertex -2.0078855677083722 2.4271167147437365 6
      vertex -2.0716279666832413 2.5041680390213155 6
    endloop
  endfacet
  facet normal 0 0 1
    outer loop
      vertex -2.0716279666832413 2.5041680390213155 6
      vertex -2.0078855677083722 2.4271167147437365 6
      vertex -1.8515235447212903 2.5484035322810845 6
    endloop
  endfacet
  facet normal 0 0 1
    outer loop
      vertex -2.0716279666832413 2.5041680390213155 6
      vertex -1.8515235447212903 2.5484035322810845 6
      vertex -1.9103020699505378 2.629305231718579 6
    endloop
  endfacet
  facet normal 0 0 1
    outer loop
      vertex -1.9103020699505378 2.629305231718579 6
      vertex -1.8515235447212903 2.5484035322810845 6
      vertex -1.6878544041838397 2.659632965331347 6
    endloop
  endfacet
  facet normal 0 0 1
    outer loop
      vertex -1.9103020699505378 2.629305231718579 6
      vertex -1.6878544041838397 2.659632965331347 6
      vertex -1.7414370836817394 2.7440657578815486 6
    endloop
  endfacet
  facet normal 0 0 1
    outer loop
      vertex -1.7414370836817394 2.7440657578815486 6
      vertex -1.6878544041838397 2.659632965331347 6
      vertex -1.517524073420403 2.76036604213817 6
    endloop
  endfacet
  facet normal -0.5090414157503709 0.860742027003944 0
    outer loop
      vertex -1.5656994408305744 2.8479967101425565 0
      vertex -1.7414370836817394 2.7440657578815486 6
      vertex -1.5656994408305744 2.8479967101425565 6
    endloop
  endfacet
  facet normal -0.4539904997395477 0.8910065241883673 0
    outer loop
      vertex -1.3837826975864864 2.9406879205145633 0
      vertex -1.5656994408305744 2.8479967101425565 6
      vertex -1.3837826975864864 2.9406879205145633 6
    endloop
  endfacet
  facet normal -0.3971478906347809 0.9177546256839809 0
    outer loop
      vertex -1.1964047962252031 3.021773579136817 0
      vertex -1.3837826975864864 2.9406879205145633 6
      vertex -1.1964047962252031 3.021773579136817 6
    endloop
  endfacet
  facet normal -0.3387379202452899 0.9408807689542259 0
    outer loop
      vertex -1.004305231718579 3.090933677959249 0
      vertex -1.1964047962252031 3.021773579136817 6
      vertex -1.004305231718579 3.090933677959249 6
    endloop
  endfacet
  facet normal -0.2789911060392301 0.9602936856769427 0
    outer loop
      vertex -0.8082421332857783 3.147895273668051 0
      vertex -1.004305231718579 3.090933677959249 6
      vertex -0.8082421332857783 3.147895273668051 6
    endloop
  endfacet
  facet normal -0.218143241396543 0.9759167619387473 0
    outer loop
      vertex -0.6089892724036049 3.1924335648682383 0
      vertex -0.8082421332857783 3.147895273668051 6
      vertex -0.6089892724036049 3.1924335648682383 6
    endloop
  endfacet
  facet normal -0.15643446504023065 0.9876883405951378 0
    outer loop
      vertex -0.40733300908398895 3.224372779272053 0
      vertex -0.6089892724036049 3.1924335648682383 6
      vertex -0.40733300908398895 3.224372779272053 6
    endloop
  endfacet
  facet normal -0.09410831331851348 0.99556196460308 0
    outer loop
      vertex -0.20406918847026814 3.2435868673918824 0
      vertex -0.40733300908398895 3.224372779272053 6
      vertex -0.20406918847026814 3.2435868673918824 6
    endloop
  endfacet
  facet normal -0.03141075907812921 0.9995065603657315 0
    outer loop
      vertex -0.20406918847026814 3.2435868673918824 6
      vertex 0 3.25 6
      vertex 0 3.25 0
    endloop
  endfacet
  facet normal 0 0 1
    outer loop
      vertex -1.7414370836817394 2.7440657578815486 6
      vertex -1.517524073420403 2.76036604213817 6
      vertex -1.5656994408305744 2.8479967101425565 6
    endloop
  endfacet
  facet normal 0 0 1
    outer loop
      vertex -1.5656994408305744 2.8479967101425565 6
      vertex -1.517524073420403 2.76036604213817 6
      vertex -1.341204768429979 2.850205215267961 6
    endloop
  endfacet
  facet normal 0 0 1
    outer loop
      vertex -1.5656994408305744 2.8479967101425565 6
      vertex -1.341204768429979 2.850205215267961 6
      vertex -1.3837826975864864 2.9406879205145633 6
    endloop
  endfacet
  facet normal 0 0 1
    outer loop
      vertex -1.3837826975864864 2.9406879205145633 6
      vertex -1.341204768429979 2.850205215267961 6
      vertex -1.1595923409567352 2.928795930547992 6
    endloop
  endfacet
  facet normal 0 0 1
    outer loop
      vertex -1.3837826975864864 2.9406879205145633 6
      vertex -1.1595923409567352 2.928795930547992 6
      vertex -1.1964047962252031 3.021773579136817 6
    endloop
  endfacet
  facet normal 0 0 1
    outer loop
      vertex -1.1964047962252031 3.021773579136817 6
      vertex -1.1595923409567352 2.928795930547992 6
      vertex -0.9734035322810842 2.9958280263297334 6
    endloop
  endfacet
  facet normal 0 0 1
    outer loop
      vertex -1.1964047962252031 3.021773579136817 6
      vertex -0.9734035322810842 2.9958280263297334 6
      vertex -1.004305231718579 3.090933677959249 6
    endloop
  endfacet
  facet normal 0 0 1
    outer loop
      vertex -1.004305231718579 3.090933677959249 6
      vertex -0.9734035322810842 2.9958280263297334 6
      vertex -0.7833731445692927 3.051036957555188 6
    endloop
  endfacet
  facet normal 0 0 1
    outer loop
      vertex -1.004305231718579 3.090933677959249 6
      vertex -0.7833731445692927 3.051036957555188 6
      vertex -0.8082421332857783 3.147895273668051 6
    endloop
  endfacet
  facet normal 0 0 1
    outer loop
      vertex -0.8082421332857783 3.147895273668051 6
      vertex -0.7833731445692927 3.051036957555188 6
      vertex -0.5902511409450324 3.094204839795369 6
    endloop
  endfacet
  facet normal 0 0 1
    outer loop
      vertex -0.8082421332857783 3.147895273668051 6
      vertex -0.5902511409450324 3.094204839795369 6
      vertex -0.6089892724036049 3.1924335648682383 6
    endloop
  endfacet
  facet normal 0 0 1
    outer loop
      vertex -0.6089892724036049 3.1924335648682383 6
      vertex -0.5902511409450324 3.094204839795369 6
      vertex -0.39479968572755847 3.1251613091406054 6
    endloop
  endfacet
  facet normal 0 0 1
    outer loop
      vertex -0.6089892724036049 3.1924335648682383 6
      vertex -0.39479968572755847 3.1251613091406054 6
      vertex -0.40733300908398895 3.224372779272053 6
    endloop
  endfacet
  facet normal 0 0 1
    outer loop
      vertex -0.40733300908398895 3.224372779272053 6
      vertex -0.39479968572755847 3.1251613091406054 6
      vertex -0.19779013651733682 3.143784194549055 6
    endloop
  endfacet
  facet normal 0 0 1
    outer loop
      vertex -0.40733300908398895 3.224372779272053 6
      vertex -0.19779013651733682 3.143784194549055 6
      vertex -0.20406918847026814 3.2435868673918824 6
    endloop
  endfacet
  facet normal 0 0 1
    outer loop
      vertex -0.20406918847026814 3.2435868673918824 6
      vertex -0.19779013651733682 3.143784194549055 6
      vertex 0 3.15 6
    endloop
  endfacet
  facet normal 0 0 1
    outer loop
      vertex -0.20406918847026814 3.2435868673918824 6
      vertex 0 3.15 6
      vertex 0 3.25 6
    endloop
  endfacet
  facet normal 0 0 -1
    outer loop
      vertex 0 -3.25 0
      vertex 0.12533323356430406 -0.9921147013144779 0
      vertex 0.20406918847026972 -3.2435868673918824 0
    endloop
  endfacet
  facet normal 0 0 -1
    outer loop
      vertex 0.20406918847026972 -3.2435868673918824 0
      vertex 0.3090169943749474 -0.9510565162951535 0
      vertex 0.40733300908398823 -3.224372779272053 0
    endloop
  endfacet
  facet normal 0 0 -1
    outer loop
      vertex 0 -3.25 0
      vertex 0 -1 0
      vertex 0.06279051952931376 -0.9980267284282716 0
    endloop
  endfacet
  facet normal 0 0 -1
    outer loop
      vertex 0 -3.25 0
      vertex 0.06279051952931376 -0.9980267284282716 0
      vertex 0.12533323356430406 -0.9921147013144779 0
    endloop
  endfacet
  facet normal 0 0 -1
    outer loop
      vertex 0.20406918847026972 -3.2435868673918824 0
      vertex 0.12533323356430406 -0.9921147013144779 0
      vertex 0.18738131458572482 -0.9822872507286886 0
    endloop
  endfacet
  facet normal 0 0 -1
    outer loop
      vertex 0.20406918847026972 -3.2435868673918824 0
      vertex 0.18738131458572482 -0.9822872507286886 0
      vertex 0.24868988716485443 -0.9685831611286312 0
    endloop
  endfacet
  facet normal 0 0 -1
    outer loop
      vertex 0.20406918847026972 -3.2435868673918824 0
      vertex 0.24868988716485443 -0.9685831611286312 0
      vertex 0.3090169943749474 -0.9510565162951535 0
    endloop
  endfacet
  facet normal 0 0 -1
    outer loop
      vertex 0.40733300908398823 -3.224372779272053 0
      vertex 0.3090169943749474 -0.9510565162951535 0
      vertex 0.36812455268467836 -0.9297764858882512 0
    endloop
  endfacet
  facet normal 0 0 -1
    outer loop
      vertex 0.40733300908398823 -3.224372779272053 0
      vertex 0.36812455268467836 -0.9297764858882512 0
      vertex 0.42577929156507244 -0.9048270524660196 0
    endloop
  endfacet
  facet normal 0 0 -1
    outer loop
      vertex 0.40733300908398823 -3.224372779272053 0
      vertex 0.4817536741017154 -0.8763066800438635 0
      vertex 0.6089892724036057 -3.192433564868238 0
    endloop
  endfacet
  facet normal 0 0 -1
    outer loop
      vertex 0.6089892724036057 -3.192433564868238 0
      vertex 0.7289686274214117 -0.6845471059286885 0
      vertex 0.8082421332857769 -3.1478952736680514 0
    endloop
  endfacet
  facet normal 0 0 -1
    outer loop
      vertex 0.40733300908398823 -3.224372779272053 0
      vertex 0.42577929156507244 -0.9048270524660196 0
      vertex 0.4817536741017154 -0.8763066800438635 0
    endloop
  endfacet
  facet normal 0 0 -1
    outer loop
      vertex 0.6089892724036057 -3.192433564868238 0
      vertex 0.4817536741017154 -0.8763066800438635 0
      vertex 0.5358267949789962 -0.8443279255020153 0
    endloop
  endfacet
  facet normal 0 0 -1
    outer loop
      vertex 0.8082421332857769 -3.1478952736680514 0
      vertex 0.9048270524660196 -0.42577929156507244 0
      vertex 1.004305231718579 -3.090933677959249 0
    endloop
  endfacet
  facet normal 0.03141075907812896 -0.9995065603657315 0
    outer loop
      vertex 0 -3.25 0
      vertex 0.20406918847026972 -3.2435868673918824 0
      vertex 0.20406918847026972 -3.2435868673918824 6
    endloop
  endfacet
  facet normal 0.09410831331851453 -0.99556196460308 0
    outer loop
      vertex 0.20406918847026972 -3.2435868673918824 0
      vertex 0.40733300908398823 -3.224372779272053 0
      vertex 0.40733300908398823 -3.224372779272053 6
    endloop
  endfacet
  facet normal 0.15643446504023165 -0.9876883405951377 0
    outer loop
      vertex 0.40733300908398823 -3.224372779272053 0
      vertex 0.6089892724036057 -3.192433564868238 0
      vertex 0.6089892724036057 -3.192433564868238 6
    endloop
  endfacet
  facet normal 0.2181432413965412 -0.9759167619387478 0
    outer loop
      vertex 0.6089892724036057 -3.192433564868238 0
      vertex 0.8082421332857769 -3.1478952736680514 0
      vertex 0.8082421332857769 -3.1478952736680514 6
    endloop
  endfacet
  facet normal 0.2789911060392302 -0.9602936856769427 0
    outer loop
      vertex 0.8082421332857769 -3.1478952736680514 0
      vertex 1.004305231718579 -3.090933677959249 0
      vertex 1.004305231718579 -3.090933677959249 6
    endloop
  endfacet
  facet normal 0.33873792024529137 -0.9408807689542255 0
    outer loop
      vertex 1.004305231718579 -3.090933677959249 0
      vertex 1.1964047962252047 -3.0217735791368163 0
      vertex 1.1964047962252047 -3.0217735791368163 6
    endloop
  endfacet
  facet normal 0.3971478906347798 -0.9177546256839815 0
    outer loop
      vertex 1.1964047962252047 -3.0217735791368163 0
      vertex 1.3837826975864855 -2.9406879205145637 0
      vertex 1.3837826975864855 -2.9406879205145637 6
    endloop
  endfacet
  facet normal 0.4539904997395468 -0.8910065241883679 0
    outer loop
      vertex 1.3837826975864855 -2.9406879205145637 0
      vertex 1.5656994408305749 -2.8479967101425565 0
      vertex 1.5656994408305749 -2.8479967101425565 6
    endloop
  endfacet
  facet normal 0 0 -1
    outer loop
      vertex 0.6089892724036057 -3.192433564868238 0
      vertex 0.5358267949789962 -0.8443279255020153 0
      vertex 0.5877852522924731 -0.8090169943749475 0
    endloop
  endfacet
  facet normal 0 0 -1
    outer loop
      vertex 0.6089892724036057 -3.192433564868238 0
      vertex 0.5877852522924731 -0.8090169943749475 0
      vertex 0.63742398974869 -0.770513242775789 0
    endloop
  endfacet
  facet normal 0 0 -1
    outer loop
      vertex 0.6089892724036057 -3.192433564868238 0
      vertex 0.63742398974869 -0.770513242775789 0
      vertex 0.6845471059286885 -0.7289686274214117 0
    endloop
  endfacet
  facet normal 0 0 -1
    outer loop
      vertex 0.6089892724036057 -3.192433564868238 0
      vertex 0.6845471059286885 -0.7289686274214117 0
      vertex 0.7289686274214117 -0.6845471059286885 0
    endloop
  endfacet
  facet normal 0 0 -1
    outer loop
      vertex 0.8082421332857769 -3.1478952736680514 0
      vertex 0.7289686274214117 -0.6845471059286885 0
      vertex 0.770513242775789 -0.63742398974869 0
    endloop
  endfacet
  facet normal 0 0 -1
    outer loop
      vertex 0.8082421332857769 -3.1478952736680514 0
      vertex 0.770513242775789 -0.63742398974869 0
      vertex 0.8090169943749475 -0.5877852522924731 0
    endloop
  endfacet
  facet normal 0 0 -1
    outer loop
      vertex 0.8082421332857769 -3.1478952736680514 0
      vertex 0.8090169943749475 -0.5877852522924731 0
      vertex 0.8443279255020153 -0.5358267949789962 0
    endloop
  endfacet
  facet normal 0 0 -1
    outer loop
      vertex 0.8082421332857769 -3.1478952736680514 0
      vertex 0.8443279255020153 -0.5358267949789962 0
      vertex 0.8763066800438635 -0.4817536741017154 0
    endloop
  endfacet
  facet normal 0 0 -1
    outer loop
      vertex 0.8082421332857769 -3.1478952736680514 0
      vertex 0.8763066800438635 -0.4817536741017154 0
      vertex 0.9048270524660196 -0.42577929156507244 0
    endloop
  endfacet
  facet normal 0 0 -1
    outer loop
      vertex 1.004305231718579 -3.090933677959249 0
      vertex 0.9048270524660196 -0.42577929156507244 0
      vertex 0.9297764858882512 -0.36812455268467836 0
    endloop
  endfacet
  facet normal 0 0 -1
    outer loop
      vertex 1.004305231718579 -3.090933677959249 0
      vertex 0.9297764858882512 -0.36812455268467836 0
      vertex 0.9510565162951535 -0.3090169943749474 0
    endloop
  endfacet
  facet normal 0 0 -1
    outer loop
      vertex 1.004305231718579 -3.090933677959249 0
      vertex 0.9510565162951535 -0.3090169943749474 0
      vertex 0.9685831611286312 -0.24868988716485443 0
    endloop
  endfacet
  facet normal 0 0 -1
    outer loop
      vertex 1.004305231718579 -3.090933677959249 0
      vertex 0.9685831611286312 -0.24868988716485443 0
      vertex 0.9822872507286886 -0.18738131458572482 0
    endloop
  endfacet
  facet normal 0 0 -1
    outer loop
      vertex 1.004305231718579 -3.090933677959249 0
      vertex 0.9822872507286886 -0.18738131458572482 0
      vertex 0.9921147013144779 -0.12533323356430406 0
    endloop
  endfacet
  facet normal 0 0 -1
    outer loop
      vertex 1.004305231718579 -3.090933677959249 0
      vertex 0.9921147013144779 -0.12533323356430406 0
      vertex 0.9980267284282716 -0.06279051952931376 0
    endloop
  endfacet
  facet normal 0 0 -1
    outer loop
      vertex 1.004305231718579 -3.090933677959249 0
      vertex 0.9980267284282716 -0.06279051952931376 0
      vertex 1 0 0
    endloop
  endfacet
  facet normal 0 0 -1
    outer loop
      vertex 1.004305231718579 -3.090933677959249 0
      vertex 1.1964047962252031 3.021773579136817 0
      vertex 1.1964047962252047 -3.0217735791368163 0
    endloop
  endfacet
  facet normal 0 0 -1
    outer loop
      vertex 1.1964047962252047 -3.0217735791368163 0
      vertex 1.3837826975864864 2.9406879205145633 0
      vertex 1.3837826975864855 -2.9406879205145637 0
    endloop
  endfacet
  facet normal 0 0 -1
    outer loop
      vertex 1.3837826975864855 -2.9406879205145637 0
      vertex 1.5656994408305744 2.8479967101425565 0
      vertex 1.5656994408305749 -2.8479967101425565 0
    endloop
  endfacet
  facet normal 0.5090414157503723 -0.860742027003943 0
    outer loop
      vertex 1.5656994408305749 -2.8479967101425565 0
      vertex 1.7414370836817377 -2.7440657578815495 0
      vertex 1.7414370836817377 -2.7440657578815495 6
    endloop
  endfacet
  facet normal 0.5620833778521294 -0.8270805742745626 0
    outer loop
      vertex 1.7414370836817377 -2.7440657578815495 0
      vertex 1.9103020699505378 -2.629305231718579 0
      vertex 1.9103020699505378 -2.629305231718579 6
    endloop
  endfacet
  facet normal 0.6129070536529774 -0.7901550123756897 0
    outer loop
      vertex 1.9103020699505378 -2.629305231718579 0
      vertex 2.0716279666832422 -2.504168039021314 0
      vertex 2.0716279666832422 -2.504168039021314 6
    endloop
  endfacet
  facet normal 0.6613118653236504 -0.7501110696304608 0
    outer loop
      vertex 2.0716279666832422 -2.504168039021314 0
      vertex 2.224778094268238 -2.369148039119588 0
      vertex 2.224778094268238 -2.369148039119588 6
    endloop
  endfacet
  facet normal 0.7071067811865475 -0.7071067811865475 0
    outer loop
      vertex 2.224778094268238 -2.369148039119588 0
      vertex 2.369148039119588 -2.224778094268238 0
      vertex 2.224778094268238 -2.369148039119588 6
    endloop
  endfacet
  facet normal 0.7501110696304608 -0.6613118653236504 0
    outer loop
      vertex 2.369148039119588 -2.224778094268238 0
      vertex 2.504168039021314 -2.0716279666832422 0
      vertex 2.369148039119588 -2.224778094268238 6
    endloop
  endfacet
  facet normal 0.7901550123756897 -0.6129070536529774 0
    outer loop
      vertex 2.504168039021314 -2.0716279666832422 0
      vertex 2.629305231718579 -1.9103020699505378 0
      vertex 2.504168039021314 -2.0716279666832422 6
    endloop
  endfacet
  facet normal 0.8270805742745626 -0.5620833778521294 0
    outer loop
      vertex 2.629305231718579 -1.9103020699505378 0
      vertex 2.7440657578815495 -1.7414370836817377 0
      vertex 2.629305231718579 -1.9103020699505378 6
    endloop
  endfacet
  facet normal 0.860742027003943 -0.5090414157503723 0
    outer loop
      vertex 2.7440657578815495 -1.7414370836817377 0
      vertex 2.8479967101425565 -1.5656994408305749 0
      vertex 2.7440657578815495 -1.7414370836817377 6
    endloop
  endfacet
  facet normal 0 0 -1
    outer loop
      vertex 1.5656994408305749 -2.8479967101425565 0
      vertex 1.7414370836817392 2.744065757881549 0
      vertex 1.7414370836817377 -2.7440657578815495 0
    endloop
  endfacet
  facet normal 0 0 -1
    outer loop
      vertex 1.7414370836817377 -2.7440657578815495 0
      vertex 1.9103020699505378 2.629305231718579 0
      vertex 1.9103020699505378 -2.629305231718579 0
    endloop
  endfacet
  facet normal 0 0 -1
    outer loop
      vertex 1.9103020699505378 -2.629305231718579 0
      vertex 2.071627966683242 2.5041680390213146 0
      vertex 2.0716279666832422 -2.504168039021314 0
    endloop
  endfacet
  facet normal 0 0 -1
    outer loop
      vertex 2.0716279666832422 -2.504168039021314 0
      vertex 2.2247780942682382 2.3691480391195876 0
      vertex 2.224778094268238 -2.369148039119588 0
    endloop
  endfacet
  facet normal 0 0 -1
    outer loop
      vertex 2.224778094268238 -2.369148039119588 0
      vertex 2.3691480391195876 2.2247780942682382 0
      vertex 2.369148039119588 -2.224778094268238 0
    endloop
  endfacet
  facet normal 0 0 -1
    outer loop
      vertex 2.369148039119588 -2.224778094268238 0
      vertex 2.5041680390213146 2.071627966683242 0
      vertex 2.504168039021314 -2.0716279666832422 0
    endloop
  endfacet
  facet normal 0 0 -1
    outer loop
      vertex 2.504168039021314 -2.0716279666832422 0
      vertex 2.629305231718579 1.9103020699505378 0
      vertex 2.629305231718579 -1.9103020699505378 0
    endloop
  endfacet
  facet normal 0 0 -1
    outer loop
      vertex 2.629305231718579 -1.9103020699505378 0
      vertex 2.744065757881549 1.7414370836817392 0
      vertex 2.7440657578815495 -1.7414370836817377 0
    endloop
  endfacet
  facet normal 0 0 -1
    outer loop
      vertex 2.7440657578815495 -1.7414370836817377 0
      vertex 2.8479967101425565 1.5656994408305749 0
      vertex 2.8479967101425565 -1.5656994408305749 0
    endloop
  endfacet
  facet normal 0 0 -1
    outer loop
      vertex 2.8479967101425565 -1.5656994408305749 0
      vertex 2.9406879205145637 1.3837826975864862 0
      vertex 2.9406879205145637 -1.3837826975864855 0
    endloop
  endfacet
  facet normal 0 0 -1
    outer loop
      vertex 2.9406879205145637 -1.3837826975864855 0
      vertex 3.0217735791368168 1.1964047962252033 0
      vertex 3.0217735791368163 -1.1964047962252047 0
    endloop
  endfacet
  facet normal 0 0 -1
    outer loop
      vertex 3.0217735791368163 -1.1964047962252047 0
      vertex 3.090933677959249 1.004305231718579 0
      vertex 3.090933677959249 -1.004305231718579 0
    endloop
  endfacet
  facet normal 0 0 -1
    outer loop
      vertex 3.090933677959249 -1.004305231718579 0
      vertex 3.147895273668051 0.8082421332857781 0
      vertex 3.1478952736680514 -0.8082421332857769 0
    endloop
  endfacet
  facet normal 0 0 -1
    outer loop
      vertex 3.1478952736680514 -0.8082421332857769 0
      vertex 3.1924335648682383 0.608989272403605 0
      vertex 3.192433564868238 -0.6089892724036057 0
    endloop
  endfacet
  facet normal 0 0 -1
    outer loop
      vertex 3.192433564868238 -0.6089892724036057 0
      vertex 3.224372779272053 0.40733300908398884 0
      vertex 3.224372779272053 -0.40733300908398823 0
    endloop
  endfacet
  facet normal 0 0 -1
    outer loop
      vertex 3.224372779272053 -0.40733300908398823 0
      vertex 3.2435868673918824 0.20406918847026848 0
      vertex 3.2435868673918824 -0.20406918847026972 0
    endloop
  endfacet
  facet normal 0 0 -1
    outer loop
      vertex 3.2435868673918824 -0.20406918847026972 0
      vertex 3.2435868673918824 0.20406918847026848 0
      vertex 3.25 0 0
    endloop
  endfacet
  facet normal 0.8910065241883679 -0.4539904997395468 0
    outer loop
      vertex 2.8479967101425565 -1.5656994408305749 0
      vertex 2.9406879205145637 -1.3837826975864855 0
      vertex 2.8479967101425565 -1.5656994408305749 6
    endloop
  endfacet
  facet normal 0.9177546256839815 -0.3971478906347798 0
    outer loop
      vertex 2.9406879205145637 -1.3837826975864855 0
      vertex 3.0217735791368163 -1.1964047962252047 0
      vertex 2.9406879205145637 -1.3837826975864855 6
    endloop
  endfacet
  facet normal 0.9408807689542255 -0.33873792024529137 0
    outer loop
      vertex 3.0217735791368163 -1.1964047962252047 0
      vertex 3.090933677959249 -1.004305231718579 0
      vertex 3.0217735791368163 -1.1964047962252047 6
    endloop
  endfacet
  facet normal 0.9602936856769427 -0.2789911060392302 0
    outer loop
      vertex 3.090933677959249 -1.004305231718579 0
      vertex 3.1478952736680514 -0.8082421332857769 0
      vertex 3.090933677959249 -1.004305231718579 6
    endloop
  endfacet
  facet normal 0.9759167619387478 -0.2181432413965412 0
    outer loop
      vertex 3.1478952736680514 -0.8082421332857769 0
      vertex 3.192433564868238 -0.6089892724036057 0
      vertex 3.1478952736680514 -0.8082421332857769 6
    endloop
  endfacet
  facet normal 0.9876883405951377 -0.15643446504023165 0
    outer loop
      vertex 3.192433564868238 -0.6089892724036057 0
      vertex 3.224372779272053 -0.40733300908398823 0
      vertex 3.192433564868238 -0.6089892724036057 6
    endloop
  endfacet
  facet normal 0.99556196460308 -0.09410831331851453 0
    outer loop
      vertex 3.224372779272053 -0.40733300908398823 0
      vertex 3.2435868673918824 -0.20406918847026972 0
      vertex 3.224372779272053 -0.40733300908398823 6
    endloop
  endfacet
  facet normal 0.9995065603657315 -0.03141075907812896 0
    outer loop
      vertex 3.2435868673918824 -0.20406918847026972 0
      vertex 3.25 0 0
      vertex 3.2435868673918824 -0.20406918847026972 6
    endloop
  endfacet
  facet normal 0.03141075907812896 -0.9995065603657315 0
    outer loop
      vertex 0 -3.25 0
      vertex 0.20406918847026972 -3.2435868673918824 6
      vertex 0 -3.25 6
    endloop
  endfacet
  facet normal 0.09410831331851453 -0.99556196460308 0
    outer loop
      vertex 0.20406918847026972 -3.2435868673918824 0
      vertex 0.40733300908398823 -3.224372779272053 6
      vertex 0.20406918847026972 -3.2435868673918824 6
    endloop
  endfacet
  facet normal 0.15643446504023165 -0.9876883405951377 0
    outer loop
      vertex 0.40733300908398823 -3.224372779272053 0
      vertex 0.6089892724036057 -3.192433564868238 6
      vertex 0.40733300908398823 -3.224372779272053 6
    endloop
  endfacet
  facet normal 0.2181432413965412 -0.9759167619387478 0
    outer loop
      vertex 0.6089892724036057 -3.192433564868238 0
      vertex 0.8082421332857769 -3.1478952736680514 6
      vertex 0.6089892724036057 -3.192433564868238 6
    endloop
  endfacet
  facet normal 0.2789911060392302 -0.9602936856769427 0
    outer loop
      vertex 0.8082421332857769 -3.1478952736680514 0
      vertex 1.004305231718579 -3.090933677959249 6
      vertex 0.8082421332857769 -3.1478952736680514 6
    endloop
  endfacet
  facet normal 0.33873792024529137 -0.9408807689542255 0
    outer loop
      vertex 1.004305231718579 -3.090933677959249 0
      vertex 1.1964047962252047 -3.0217735791368163 6
      vertex 1.004305231718579 -3.090933677959249 6
    endloop
  endfacet
  facet normal 0.3971478906347798 -0.9177546256839815 0
    outer loop
      vertex 1.1964047962252047 -3.0217735791368163 0
      vertex 1.3837826975864855 -2.9406879205145637 6
      vertex 1.1964047962252047 -3.0217735791368163 6
    endloop
  endfacet
  facet normal 0.4539904997395468 -0.8910065241883679 0
    outer loop
      vertex 1.3837826975864855 -2.9406879205145637 0
      vertex 1.5656994408305749 -2.8479967101425565 6
      vertex 1.3837826975864855 -2.9406879205145637 6
    endloop
  endfacet
  facet normal 0.5090414157503723 -0.860742027003943 0
    outer loop
      vertex 1.5656994408305749 -2.8479967101425565 0
      vertex 1.7414370836817377 -2.7440657578815495 6
      vertex 1.5656994408305749 -2.8479967101425565 6
    endloop
  endfacet
  facet normal 0 0 1
    outer loop
      vertex 0 -3.25 6
      vertex 0.20406918847026972 -3.2435868673918824 6
      vertex 0 -3.15 6
    endloop
  endfacet
  facet normal 0 0 1
    outer loop
      vertex 0.20406918847026972 -3.2435868673918824 6
      vertex 0.19779013651733834 -3.143784194549055 6
      vertex 0 -3.15 6
    endloop
  endfacet
  facet normal 0 0 1
    outer loop
      vertex 0.20406918847026972 -3.2435868673918824 6
      vertex 0.40733300908398823 -3.224372779272053 6
      vertex 0.19779013651733834 -3.143784194549055 6
    endloop
  endfacet
  facet normal 0 0 1
    outer loop
      vertex 0.40733300908398823 -3.224372779272053 6
      vertex 0.3947996857275578 -3.1251613091406054 6
      vertex 0.19779013651733834 -3.143784194549055 6
    endloop
  endfacet
  facet normal 0 0 1
    outer loop
      vertex 0.40733300908398823 -3.224372779272053 6
      vertex 0.6089892724036057 -3.192433564868238 6
      vertex 0.3947996857275578 -3.1251613091406054 6
    endloop
  endfacet
  facet normal 0 0 1
    outer loop
      vertex 0.6089892724036057 -3.192433564868238 6
      vertex 0.5902511409450332 -3.094204839795369 6
      vertex 0.3947996857275578 -3.1251613091406054 6
    endloop
  endfacet
  facet normal 0 0 1
    outer loop
      vertex 0.6089892724036057 -3.192433564868238 6
      vertex 0.8082421332857769 -3.1478952736680514 6
      vertex 0.5902511409450332 -3.094204839795369 6
    endloop
  endfacet
  facet normal 0 0 1
    outer loop
      vertex 0.8082421332857769 -3.1478952736680514 6
      vertex 0.7833731445692914 -3.0510369575551883 6
      vertex 0.5902511409450332 -3.094204839795369 6
    endloop
  endfacet
  facet normal 0 0 1
    outer loop
      vertex 0.8082421332857769 -3.1478952736680514 6
      vertex 1.004305231718579 -3.090933677959249 6
      vertex 0.7833731445692914 -3.0510369575551883 6
    endloop
  endfacet
  facet normal 0 0 1
    outer loop
      vertex 1.004305231718579 -3.090933677959249 6
      vertex 0.9734035322810842 -2.9958280263297334 6
      vertex 0.7833731445692914 -3.0510369575551883 6
    endloop
  endfacet
  facet normal 0 0 1
    outer loop
      vertex 1.004305231718579 -3.090933677959249 6
      vertex 1.1964047962252047 -3.0217735791368163 6
      vertex 0.9734035322810842 -2.9958280263297334 6
    endloop
  endfacet
  facet normal 0 0 1
    outer loop
      vertex 1.1964047962252047 -3.0217735791368163 6
      vertex 1.1595923409567368 -2.928795930547991 6
      vertex 0.9734035322810842 -2.9958280263297334 6
    endloop
  endfacet
  facet normal 0 0 1
    outer loop
      vertex 1.1964047962252047 -3.0217735791368163 6
      vertex 1.3837826975864855 -2.9406879205145637 6
      vertex 1.1595923409567368 -2.928795930547991 6
    endloop
  endfacet
  facet normal 0 0 1
    outer loop
      vertex 1.3837826975864855 -2.9406879205145637 6
      vertex 1.3412047684299782 -2.8502052152679616 6
      vertex 1.1595923409567368 -2.928795930547991 6
    endloop
  endfacet
  facet normal 0 0 1
    outer loop
      vertex 1.3837826975864855 -2.9406879205145637 6
      vertex 1.5656994408305749 -2.8479967101425565 6
      vertex 1.3412047684299782 -2.8502052152679616 6
    endloop
  endfacet
  facet normal 0 0 1
    outer loop
      vertex 1.5656994408305749 -2.8479967101425565 6
      vertex 1.5175240734204034 -2.7603660421381697 6
      vertex 1.3412047684299782 -2.8502052152679616 6
    endloop
  endfacet
  facet normal 0 0 1
    outer loop
      vertex 1.5656994408305749 -2.8479967101425565 6
      vertex 1.7414370836817377 -2.7440657578815495 6
      vertex 1.5175240734204034 -2.7603660421381697 6
    endloop
  endfacet
  facet normal 0.5620833778521294 -0.8270805742745626 0
    outer loop
      vertex 1.7414370836817377 -2.7440657578815495 0
      vertex 1.9103020699505378 -2.629305231718579 6
      vertex 1.7414370836817377 -2.7440657578815495 6
    endloop
  endfacet
  facet normal 0.6129070536529774 -0.7901550123756897 0
    outer loop
      vertex 1.9103020699505378 -2.629305231718579 0
      vertex 2.0716279666832422 -2.504168039021314 6
      vertex 1.9103020699505378 -2.629305231718579 6
    endloop
  endfacet
  facet normal 0.6613118653236504 -0.7501110696304608 0
    outer loop
      vertex 2.0716279666832422 -2.504168039021314 0
      vertex 2.224778094268238 -2.369148039119588 6
      vertex 2.0716279666832422 -2.504168039021314 6
    endloop
  endfacet
  facet normal 0.7071067811865475 -0.7071067811865475 0
    outer loop
      vertex 2.369148039119588 -2.224778094268238 0
      vertex 2.369148039119588 -2.224778094268238 6
      vertex 2.224778094268238 -2.369148039119588 6
    endloop
  endfacet
  facet normal 0.7501110696304608 -0.6613118653236504 0
    outer loop
      vertex 2.504168039021314 -2.0716279666832422 0
      vertex 2.504168039021314 -2.0716279666832422 6
      vertex 2.369148039119588 -2.224778094268238 6
    endloop
  endfacet
  facet normal 0.7901550123756897 -0.6129070536529774 0
    outer loop
      vertex 2.629305231718579 -1.9103020699505378 0
      vertex 2.629305231718579 -1.9103020699505378 6
      vertex 2.504168039021314 -2.0716279666832422 6
    endloop
  endfacet
  facet normal 0.8270805742745626 -0.5620833778521294 0
    outer loop
      vertex 2.7440657578815495 -1.7414370836817377 0
      vertex 2.7440657578815495 -1.7414370836817377 6
      vertex 2.629305231718579 -1.9103020699505378 6
    endloop
  endfacet
  facet normal 0 0 1
    outer loop
      vertex 1.7414370836817377 -2.7440657578815495 6
      vertex 1.687854404183838 -2.659632965331348 6
      vertex 1.5175240734204034 -2.7603660421381697 6
    endloop
  endfacet
  facet normal 0 0 1
    outer loop
      vertex 1.7414370836817377 -2.7440657578815495 6
      vertex 1.9103020699505378 -2.629305231718579 6
      vertex 1.687854404183838 -2.659632965331348 6
    endloop
  endfacet
  facet normal 0 0 1
    outer loop
      vertex 1.9103020699505378 -2.629305231718579 6
      vertex 1.8515235447212903 -2.5484035322810845 6
      vertex 1.687854404183838 -2.659632965331348 6
    endloop
  endfacet
  facet normal 0 0 1
    outer loop
      vertex 1.9103020699505378 -2.629305231718579 6
      vertex 2.0716279666832422 -2.504168039021314 6
      vertex 1.8515235447212903 -2.5484035322810845 6
    endloop
  endfacet
  facet normal 0 0 1
    outer loop
      vertex 2.0716279666832422 -2.504168039021314 6
      vertex 2.007885567708373 -2.4271167147437356 6
      vertex 1.8515235447212903 -2.5484035322810845 6
    endloop
  endfacet
  facet normal 0 0 1
    outer loop
      vertex 2.0716279666832422 -2.504168039021314 6
      vertex 2.224778094268238 -2.369148039119588 6
      vertex 2.007885567708373 -2.4271167147437356 6
    endloop
  endfacet
  facet normal 0 0 1
    outer loop
      vertex 2.224778094268238 -2.369148039119588 6
      vertex 2.156323383675369 -2.2962511763774467 6
      vertex 2.007885567708373 -2.4271167147437356 6
    endloop
  endfacet
  facet normal 0 0 1
    outer loop
      vertex 2.224778094268238 -2.369148039119588 6
      vertex 2.369148039119588 -2.224778094268238 6
      vertex 2.156323383675369 -2.2962511763774467 6
    endloop
  endfacet
  facet normal 0 0 1
    outer loop
      vertex 2.369148039119588 -2.224778094268238 6
      vertex 2.2962511763774467 -2.156323383675369 6
      vertex 2.156323383675369 -2.2962511763774467 6
    endloop
  endfacet
  facet normal 0 0 1
    outer loop
      vertex 2.369148039119588 -2.224778094268238 6
      vertex 2.504168039021314 -2.0716279666832422 6
      vertex 2.2962511763774467 -2.156323383675369 6
    endloop
  endfacet
  facet normal 0 0 1
    outer loop
      vertex 2.504168039021314 -2.0716279666832422 6
      vertex 2.4271167147437356 -2.007885567708373 6
      vertex 2.2962511763774467 -2.156323383675369 6
    endloop
  endfacet
  facet normal 0 0 1
    outer loop
      vertex 2.504168039021314 -2.0716279666832422 6
      vertex 2.629305231718579 -1.9103020699505378 6
      vertex 2.4271167147437356 -2.007885567708373 6
    endloop
  endfacet
  facet normal 0 0 1
    outer loop
      vertex 2.629305231718579 -1.9103020699505378 6
      vertex 2.5484035322810845 -1.8515235447212903 6
      vertex 2.4271167147437356 -2.007885567708373 6
    endloop
  endfacet
  facet normal 0 0 1
    outer loop
      vertex 2.629305231718579 -1.9103020699505378 6
      vertex 2.7440657578815495 -1.7414370836817377 6
      vertex 2.5484035322810845 -1.8515235447212903 6
    endloop
  endfacet
  facet normal 0 0 1
    outer loop
      vertex 2.7440657578815495 -1.7414370836817377 6
      vertex 2.659632965331348 -1.687854404183838 6
      vertex 2.5484035322810845 -1.8515235447212903 6
    endloop
  endfacet
  facet normal 0 0 1
    outer loop
      vertex 2.7440657578815495 -1.7414370836817377 6
      vertex 2.8479967101425565 -1.5656994408305749 6
      vertex 2.659632965331348 -1.687854404183838 6
    endloop
  endfacet
  facet normal 0.860742027003943 -0.5090414157503723 0
    outer loop
      vertex 2.8479967101425565 -1.5656994408305749 0
      vertex 2.8479967101425565 -1.5656994408305749 6
      vertex 2.7440657578815495 -1.7414370836817377 6
    endloop
  endfacet
  facet normal 0.8910065241883679 -0.4539904997395468 0
    outer loop
      vertex 2.9406879205145637 -1.3837826975864855 0
      vertex 2.9406879205145637 -1.3837826975864855 6
      vertex 2.8479967101425565 -1.5656994408305749 6
    endloop
  endfacet
  facet normal 0.9177546256839815 -0.3971478906347798 0
    outer loop
      vertex 3.0217735791368163 -1.1964047962252047 0
      vertex 3.0217735791368163 -1.1964047962252047 6
      vertex 2.9406879205145637 -1.3837826975864855 6
    endloop
  endfacet
  facet normal 0.9408807689542255 -0.33873792024529137 0
    outer loop
      vertex 3.090933677959249 -1.004305231718579 0
      vertex 3.090933677959249 -1.004305231718579 6
      vertex 3.0217735791368163 -1.1964047962252047 6
    endloop
  endfacet
  facet normal 0.9602936856769427 -0.2789911060392302 0
    outer loop
      vertex 3.1478952736680514 -0.8082421332857769 0
      vertex 3.1478952736680514 -0.8082421332857769 6
      vertex 3.090933677959249 -1.004305231718579 6
    endloop
  endfacet
  facet normal 0.9759167619387478 -0.2181432413965412 0
    outer loop
      vertex 3.192433564868238 -0.6089892724036057 0
      vertex 3.192433564868238 -0.6089892724036057 6
      vertex 3.1478952736680514 -0.8082421332857769 6
    endloop
  endfacet
  facet normal 0.9876883405951377 -0.15643446504023165 0
    outer loop
      vertex 3.224372779272053 -0.40733300908398823 0
      vertex 3.224372779272053 -0.40733300908398823 6
      vertex 3.192433564868238 -0.6089892724036057 6
    endloop
  endfacet
  facet normal 0.99556196460308 -0.09410831331851453 0
    outer loop
      vertex 3.2435868673918824 -0.20406918847026972 0
      vertex 3.2435868673918824 -0.20406918847026972 6
      vertex 3.224372779272053 -0.40733300908398823 6
    endloop
  endfacet
  facet normal 0.9995065603657315 -0.03141075907812896 0
    outer loop
      vertex 3.2435868673918824 -0.20406918847026972 6
      vertex 3.25 0 0
      vertex 3.25 0 6
    endloop
  endfacet
  facet normal 0 0 1
    outer loop
      vertex 2.8479967101425565 -1.5656994408305749 6
      vertex 2.7603660421381697 -1.5175240734204034 6
      vertex 2.659632965331348 -1.687854404183838 6
    endloop
  endfacet
  facet normal 0 0 1
    outer loop
      vertex 2.8479967101425565 -1.5656994408305749 6
      vertex 2.9406879205145637 -1.3837826975864855 6
      vertex 2.7603660421381697 -1.5175240734204034 6
    endloop
  endfacet
  facet normal 0 0 1
    outer loop
      vertex 2.9406879205145637 -1.3837826975864855 6
      vertex 2.8502052152679616 -1.3412047684299782 6
      vertex 2.7603660421381697 -1.5175240734204034 6
    endloop
  endfacet
  facet normal 0 0 1
    outer loop
      vertex 2.9406879205145637 -1.3837826975864855 6
      vertex 2.928795930547991 -1.1595923409567368 6
      vertex 2.8502052152679616 -1.3412047684299782 6
    endloop
  endfacet
  facet normal 0 0 1
    outer loop
      vertex 2.9406879205145637 -1.3837826975864855 6
      vertex 3.0217735791368163 -1.1964047962252047 6
      vertex 2.928795930547991 -1.1595923409567368 6
    endloop
  endfacet
  facet normal 0 0 1
    outer loop
      vertex 3.0217735791368163 -1.1964047962252047 6
      vertex 2.9958280263297334 -0.9734035322810842 6
      vertex 2.928795930547991 -1.1595923409567368 6
    endloop
  endfacet
  facet normal 0 0 1
    outer loop
      vertex 3.0217735791368163 -1.1964047962252047 6
      vertex 3.090933677959249 -1.004305231718579 6
      vertex 2.9958280263297334 -0.9734035322810842 6
    endloop
  endfacet
  facet normal 0 0 1
    outer loop
      vertex 3.090933677959249 -1.004305231718579 6
      vertex 3.0510369575551883 -0.7833731445692914 6
      vertex 2.9958280263297334 -0.9734035322810842 6
    endloop
  endfacet
  facet normal 0 0 1
    outer loop
      vertex 3.090933677959249 -1.004305231718579 6
      vertex 3.1478952736680514 -0.8082421332857769 6
      vertex 3.0510369575551883 -0.7833731445692914 6
    endloop
  endfacet
  facet normal 0 0 1
    outer loop
      vertex 3.1478952736680514 -0.8082421332857769 6
      vertex 3.094204839795369 -0.5902511409450332 6
      vertex 3.0510369575551883 -0.7833731445692914 6
    endloop
  endfacet
  facet normal 0 0 1
    outer loop
      vertex 3.1478952736680514 -0.8082421332857769 6
      vertex 3.1251613091406054 -0.3947996857275578 6
      vertex 3.094204839795369 -0.5902511409450332 6
    endloop
  endfacet
  facet normal 0 0 1
    outer loop
      vertex 3.1478952736680514 -0.8082421332857769 6
      vertex 3.143784194549055 -0.19779013651733834 6
      vertex 3.1251613091406054 -0.3947996857275578 6
    endloop
  endfacet
  facet normal 0 0 1
    outer loop
      vertex 3.1478952736680514 -0.8082421332857769 6
      vertex 3.192433564868238 -0.6089892724036057 6
      vertex 3.143784194549055 -0.19779013651733834 6
    endloop
  endfacet
  facet normal 0 0 1
    outer loop
      vertex 3.192433564868238 -0.6089892724036057 6
      vertex 3.15 0 6
      vertex 3.143784194549055 -0.19779013651733834 6
    endloop
  endfacet
  facet normal 0 0 1
    outer loop
      vertex 3.192433564868238 -0.6089892724036057 6
      vertex 3.224372779272053 -0.40733300908398823 6
      vertex 3.1924335648682383 0.608989272403605 6
    endloop
  endfacet
  facet normal 0 0 1
    outer loop
      vertex 3.224372779272053 -0.40733300908398823 6
      vertex 3.2435868673918824 -0.20406918847026972 6
      vertex 3.224372779272053 0.40733300908398884 6
    endloop
  endfacet
  facet normal 0 0 1
    outer loop
      vertex 3.2435868673918824 -0.20406918847026972 6
      vertex 3.25 0 6
      vertex 3.2435868673918824 0.20406918847026848 6
    endloop
  endfacet
  facet normal 0 0 -1
    outer loop
      vertex 0.6089892724036049 3.1924335648682383 0
      vertex 0.5877852522924731 0.8090169943749475 0
      vertex 0.5358267949789967 0.8443279255020151 0
    endloop
  endfacet
  facet normal 0 0 -1
    outer loop
      vertex 0.8082421332857783 3.147895273668051 0
      vertex 0.6845471059286887 0.7289686274214116 0
      vertex 0.6374239897486897 0.7705132427757891 0
    endloop
  endfacet
  facet normal 0 0 -1
    outer loop
      vertex 0.8082421332857783 3.147895273668051 0
      vertex 0.6374239897486897 0.7705132427757891 0
      vertex 0.5877852522924731 0.8090169943749475 0
    endloop
  endfacet
  facet normal 0 0 -1
    outer loop
      vertex 0.8082421332857783 3.147895273668051 0
      vertex 0.7289686274214116 0.6845471059286887 0
      vertex 0.6845471059286887 0.7289686274214116 0
    endloop
  endfacet
  facet normal 0 0 -1
    outer loop
      vertex 0.8082421332857783 3.147895273668051 0
      vertex 0.7705132427757891 0.6374239897486897 0
      vertex 0.7289686274214116 0.6845471059286887 0
    endloop
  endfacet
  facet normal 0 0 -1
    outer loop
      vertex 1.004305231718579 -3.090933677959249 0
      vertex 1 0 0
      vertex 1.004305231718579 3.090933677959249 0
    endloop
  endfacet
  facet normal 0 0 -1
    outer loop
      vertex 1.004305231718579 3.090933677959249 0
      vertex 1 0 0
      vertex 0.9980267284282716 0.06279051952931337 0
    endloop
  endfacet
  facet normal 0 0 -1
    outer loop
      vertex 1.004305231718579 3.090933677959249 0
      vertex 0.9980267284282716 0.06279051952931337 0
      vertex 0.9921147013144779 0.12533323356430426 0
    endloop
  endfacet
  facet normal 0 0 -1
    outer loop
      vertex 1.004305231718579 3.090933677959249 0
      vertex 0.9921147013144779 0.12533323356430426 0
      vertex 0.9822872507286887 0.18738131458572463 0
    endloop
  endfacet
  facet normal 0 0 -1
    outer loop
      vertex 1.004305231718579 3.090933677959249 0
      vertex 0.9822872507286887 0.18738131458572463 0
      vertex 0.9685831611286311 0.2486898871648548 0
    endloop
  endfacet
  facet normal 0 0 -1
    outer loop
      vertex 1.004305231718579 3.090933677959249 0
      vertex 0.9685831611286311 0.2486898871648548 0
      vertex 0.9510565162951535 0.3090169943749474 0
    endloop
  endfacet
  facet normal 0 0 -1
    outer loop
      vertex 1.004305231718579 -3.090933677959249 0
      vertex 1.004305231718579 3.090933677959249 0
      vertex 1.1964047962252031 3.021773579136817 0
    endloop
  endfacet
  facet normal 0 0 -1
    outer loop
      vertex 1.004305231718579 3.090933677959249 0
      vertex 0.8763066800438636 0.4817536741017153 0
      vertex 0.8443279255020151 0.5358267949789967 0
    endloop
  endfacet
  facet normal 0 0 -1
    outer loop
      vertex 1.004305231718579 3.090933677959249 0
      vertex 0.8443279255020151 0.5358267949789967 0
      vertex 0.8090169943749475 0.5877852522924731 0
    endloop
  endfacet
  facet normal 0 0 -1
    outer loop
      vertex 1.004305231718579 3.090933677959249 0
      vertex 0.9510565162951535 0.3090169943749474 0
      vertex 0.9297764858882513 0.368124552684678 0
    endloop
  endfacet
  facet normal 0 0 -1
    outer loop
      vertex 1.004305231718579 3.090933677959249 0
      vertex 0.9297764858882513 0.368124552684678 0
      vertex 0.9048270524660196 0.42577929156507266 0
    endloop
  endfacet
  facet normal 0 0 -1
    outer loop
      vertex 1.004305231718579 3.090933677959249 0
      vertex 0.9048270524660196 0.42577929156507266 0
      vertex 0.8763066800438636 0.4817536741017153 0
    endloop
  endfacet
  facet normal 0 0 -1
    outer loop
      vertex 1.004305231718579 3.090933677959249 0
      vertex 0.8090169943749475 0.5877852522924731 0
      vertex 0.7705132427757891 0.6374239897486897 0
    endloop
  endfacet
  facet normal 0 0 -1
    outer loop
      vertex 1.1964047962252047 -3.0217735791368163 0
      vertex 1.1964047962252031 3.021773579136817 0
      vertex 1.3837826975864864 2.9406879205145633 0
    endloop
  endfacet
  facet normal 0 0 -1
    outer loop
      vertex 1.3837826975864855 -2.9406879205145637 0
      vertex 1.3837826975864864 2.9406879205145633 0
      vertex 1.5656994408305744 2.8479967101425565 0
    endloop
  endfacet
  facet normal 0 0 -1
    outer loop
      vertex 1.5656994408305749 -2.8479967101425565 0
      vertex 1.5656994408305744 2.8479967101425565 0
      vertex 1.7414370836817392 2.744065757881549 0
    endloop
  endfacet
  facet normal 0 0 -1
    outer loop
      vertex 0.20406918847026814 3.2435868673918824 0
      vertex 0.06279051952931328 0.9980267284282716 0
      vertex 0 1 0
    endloop
  endfacet
  facet normal 0 0 -1
    outer loop
      vertex 0.20406918847026814 3.2435868673918824 0
      vertex 0.12533323356430429 0.9921147013144779 0
      vertex 0.06279051952931328 0.9980267284282716 0
    endloop
  endfacet
  facet normal 0 0 -1
    outer loop
      vertex 0.20406918847026814 3.2435868673918824 0
      vertex 0.18738131458572457 0.9822872507286887 0
      vertex 0.12533323356430429 0.9921147013144779 0
    endloop
  endfacet
  facet normal 0 0 -1
    outer loop
      vertex 0.40733300908398895 3.224372779272053 0
      vertex 0.24868988716485485 0.9685831611286311 0
      vertex 0.18738131458572457 0.9822872507286887 0
    endloop
  endfacet
  facet normal 0 0 -1
    outer loop
      vertex 0.40733300908398895 3.224372779272053 0
      vertex 0.3090169943749474 0.9510565162951535 0
      vertex 0.24868988716485485 0.9685831611286311 0
    endloop
  endfacet
  facet normal 0 0 -1
    outer loop
      vertex 0.40733300908398895 3.224372779272053 0
      vertex 0.36812455268467786 0.9297764858882515 0
      vertex 0.3090169943749474 0.9510565162951535 0
    endloop
  endfacet
  facet normal 0 0 -1
    outer loop
      vertex 0.6089892724036049 3.1924335648682383 0
      vertex 0.4257792915650727 0.9048270524660195 0
      vertex 0.36812455268467786 0.9297764858882515 0
    endloop
  endfacet
  facet normal 0 0 -1
    outer loop
      vertex 0.6089892724036049 3.1924335648682383 0
      vertex 0.4817536741017152 0.8763066800438636 0
      vertex 0.4257792915650727 0.9048270524660195 0
    endloop
  endfacet
  facet normal 0 0 -1
    outer loop
      vertex 0.6089892724036049 3.1924335648682383 0
      vertex 0.5358267949789967 0.8443279255020151 0
      vertex 0.4817536741017152 0.8763066800438636 0
    endloop
  endfacet
  facet normal 0 0 -1
    outer loop
      vertex 0.6089892724036049 3.1924335648682383 0
      vertex 0.8082421332857783 3.147895273668051 0
      vertex 0.5877852522924731 0.8090169943749475 0
    endloop
  endfacet
  facet normal 0 0 -1
    outer loop
      vertex 0 3.25 0
      vertex 0.20406918847026814 3.2435868673918824 0
      vertex 0 1 0
    endloop
  endfacet
  facet normal 0 0 -1
    outer loop
      vertex 0.20406918847026814 3.2435868673918824 0
      vertex 0.40733300908398895 3.224372779272053 0
      vertex 0.18738131458572457 0.9822872507286887 0
    endloop
  endfacet
  facet normal 0 0 -1
    outer loop
      vertex 0.40733300908398895 3.224372779272053 0
      vertex 0.6089892724036049 3.1924335648682383 0
      vertex 0.36812455268467786 0.9297764858882515 0
    endloop
  endfacet
  facet normal 0 0 -1
    outer loop
      vertex 0.8082421332857783 3.147895273668051 0
      vertex 1.004305231718579 3.090933677959249 0
      vertex 0.7705132427757891 0.6374239897486897 0
    endloop
  endfacet
  facet normal 0.03141075907812921 0.9995065603657315 0
    outer loop
      vertex 0 3.25 0
      vertex 0 3.25 6
      vertex 0.20406918847026814 3.2435868673918824 0
    endloop
  endfacet
  facet normal 0.09410831331851348 0.99556196460308 0
    outer loop
      vertex 0.20406918847026814 3.2435868673918824 0
      vertex 0.20406918847026814 3.2435868673918824 6
      vertex 0.40733300908398895 3.224372779272053 0
    endloop
  endfacet
  facet normal 0.15643446504023065 0.9876883405951378 0
    outer loop
      vertex 0.40733300908398895 3.224372779272053 0
      vertex 0.40733300908398895 3.224372779272053 6
      vertex 0.6089892724036049 3.1924335648682383 0
    endloop
  endfacet
  facet normal 0.218143241396543 0.9759167619387473 0
    outer loop
      vertex 0.6089892724036049 3.1924335648682383 0
      vertex 0.6089892724036049 3.1924335648682383 6
      vertex 0.8082421332857783 3.147895273668051 0
    endloop
  endfacet
  facet normal 0.2789911060392301 0.9602936856769427 0
    outer loop
      vertex 0.8082421332857783 3.147895273668051 0
      vertex 0.8082421332857783 3.147895273668051 6
      vertex 1.004305231718579 3.090933677959249 0
    endloop
  endfacet
  facet normal 0.3387379202452899 0.9408807689542259 0
    outer loop
      vertex 1.004305231718579 3.090933677959249 0
      vertex 1.004305231718579 3.090933677959249 6
      vertex 1.1964047962252031 3.021773579136817 0
    endloop
  endfacet
  facet normal 0.5090414157503697 0.8607420270039444 0
    outer loop
      vertex 1.5656994408305744 2.8479967101425565 0
      vertex 1.5656994408305744 2.8479967101425565 6
      vertex 1.7414370836817392 2.744065757881549 0
    endloop
  endfacet
  facet normal 0.3971478906347809 0.9177546256839809 0
    outer loop
      vertex 1.1964047962252031 3.021773579136817 0
      vertex 1.1964047962252031 3.021773579136817 6
      vertex 1.3837826975864864 2.9406879205145633 0
    endloop
  endfacet
  facet normal 0.4539904997395477 0.8910065241883673 0
    outer loop
      vertex 1.3837826975864864 2.9406879205145633 0
      vertex 1.3837826975864864 2.9406879205145633 6
      vertex 1.5656994408305744 2.8479967101425565 0
    endloop
  endfacet
  facet normal 0 0 -1
    outer loop
      vertex 2.0716279666832422 -2.504168039021314 0
      vertex 2.071627966683242 2.5041680390213146 0
      vertex 2.2247780942682382 2.3691480391195876 0
    endloop
  endfacet
  facet normal 0 0 -1
    outer loop
      vertex 2.224778094268238 -2.369148039119588 0
      vertex 2.2247780942682382 2.3691480391195876 0
      vertex 2.3691480391195876 2.2247780942682382 0
    endloop
  endfacet
  facet normal 0 0 -1
    outer loop
      vertex 2.369148039119588 -2.224778094268238 0
      vertex 2.3691480391195876 2.2247780942682382 0
      vertex 2.5041680390213146 2.071627966683242 0
    endloop
  endfacet
  facet normal 0 0 -1
    outer loop
      vertex 1.7414370836817377 -2.7440657578815495 0
      vertex 1.7414370836817392 2.744065757881549 0
      vertex 1.9103020699505378 2.629305231718579 0
    endloop
  endfacet
  facet normal 0 0 -1
    outer loop
      vertex 1.9103020699505378 -2.629305231718579 0
      vertex 1.9103020699505378 2.629305231718579 0
      vertex 2.071627966683242 2.5041680390213146 0
    endloop
  endfacet
  facet normal 0 0 -1
    outer loop
      vertex 2.504168039021314 -2.0716279666832422 0
      vertex 2.5041680390213146 2.071627966683242 0
      vertex 2.629305231718579 1.9103020699505378 0
    endloop
  endfacet
  facet normal 0 0 -1
    outer loop
      vertex 2.629305231718579 -1.9103020699505378 0
      vertex 2.629305231718579 1.9103020699505378 0
      vertex 2.744065757881549 1.7414370836817392 0
    endloop
  endfacet
  facet normal 0 0 -1
    outer loop
      vertex 2.7440657578815495 -1.7414370836817377 0
      vertex 2.744065757881549 1.7414370836817392 0
      vertex 2.8479967101425565 1.5656994408305749 0
    endloop
  endfacet
  facet normal 0 0 -1
    outer loop
      vertex 2.9406879205145637 -1.3837826975864855 0
      vertex 2.9406879205145637 1.3837826975864862 0
      vertex 3.0217735791368168 1.1964047962252033 0
    endloop
  endfacet
  facet normal 0 0 -1
    outer loop
      vertex 3.0217735791368163 -1.1964047962252047 0
      vertex 3.0217735791368168 1.1964047962252033 0
      vertex 3.090933677959249 1.004305231718579 0
    endloop
  endfacet
  facet normal 0 0 -1
    outer loop
      vertex 3.224372779272053 -0.40733300908398823 0
      vertex 3.224372779272053 0.40733300908398884 0
      vertex 3.2435868673918824 0.20406918847026848 0
    endloop
  endfacet
  facet normal 0 0 -1
    outer loop
      vertex 3.1478952736680514 -0.8082421332857769 0
      vertex 3.147895273668051 0.8082421332857781 0
      vertex 3.1924335648682383 0.608989272403605 0
    endloop
  endfacet
  facet normal 0 0 -1
    outer loop
      vertex 3.192433564868238 -0.6089892724036057 0
      vertex 3.1924335648682383 0.608989272403605 0
      vertex 3.224372779272053 0.40733300908398884 0
    endloop
  endfacet
  facet normal 0 0 -1
    outer loop
      vertex 3.090933677959249 -1.004305231718579 0
      vertex 3.090933677959249 1.004305231718579 0
      vertex 3.147895273668051 0.8082421332857781 0
    endloop
  endfacet
  facet normal 0 0 -1
    outer loop
      vertex 2.8479967101425565 -1.5656994408305749 0
      vertex 2.8479967101425565 1.5656994408305749 0
      vertex 2.9406879205145637 1.3837826975864862 0
    endloop
  endfacet
  facet normal 0.9995065603657315 0.03141075907812915 0
    outer loop
      vertex 3.25 0 0
      vertex 3.2435868673918824 0.20406918847026848 0
      vertex 3.25 0 6
    endloop
  endfacet
  facet normal 0.99556196460308 0.09410831331851369 0
    outer loop
      vertex 3.2435868673918824 0.20406918847026848 0
      vertex 3.224372779272053 0.40733300908398884 0
      vertex 3.2435868673918824 0.20406918847026848 6
    endloop
  endfacet
  facet normal 0.9876883405951378 0.15643446504023048 0
    outer loop
      vertex 3.224372779272053 0.40733300908398884 0
      vertex 3.1924335648682383 0.608989272403605 0
      vertex 3.224372779272053 0.40733300908398884 6
    endloop
  endfacet
  facet normal 0.9759167619387473 0.21814324139654337 0
    outer loop
      vertex 3.1924335648682383 0.608989272403605 0
      vertex 3.147895273668051 0.8082421332857781 0
      vertex 3.1924335648682383 0.608989272403605 6
    endloop
  endfacet
  facet normal 0.860742027003944 0.5090414157503707 0
    outer loop
      vertex 2.8479967101425565 1.5656994408305749 0
      vertex 2.744065757881549 1.7414370836817392 0
      vertex 2.8479967101425565 1.5656994408305749 6
    endloop
  endfacet
  facet normal 0.9602936856769428 0.2789911060392298 0
    outer loop
      vertex 3.147895273668051 0.8082421332857781 0
      vertex 3.090933677959249 1.004305231718579 0
      vertex 3.147895273668051 0.8082421332857781 6
    endloop
  endfacet
  facet normal 0.9408807689542255 0.33873792024529153 0
    outer loop
      vertex 3.0217735791368168 1.1964047962252033 0
      vertex 3.090933677959249 1.004305231718579 6
      vertex 3.090933677959249 1.004305231718579 0
    endloop
  endfacet
  facet normal 0.9177546256839823 0.39714789063477807 0
    outer loop
      vertex 3.0217735791368168 1.1964047962252033 0
      vertex 2.9406879205145637 1.3837826975864862 0
      vertex 3.0217735791368168 1.1964047962252033 6
    endloop
  endfacet
  facet normal 0.8910065241883672 0.45399049973954814 0
    outer loop
      vertex 2.9406879205145637 1.3837826975864862 0
      vertex 2.8479967101425565 1.5656994408305749 0
      vertex 2.9406879205145637 1.3837826975864862 6
    endloop
  endfacet
  facet normal 0.7071067811865475 0.7071067811865475 0
    outer loop
      vertex 2.2247780942682382 2.3691480391195876 0
      vertex 2.3691480391195876 2.2247780942682382 6
      vertex 2.3691480391195876 2.2247780942682382 0
    endloop
  endfacet
  facet normal 0.5620833778521315 0.8270805742745613 0
    outer loop
      vertex 1.7414370836817392 2.744065757881549 0
      vertex 1.7414370836817392 2.744065757881549 6
      vertex 1.9103020699505378 2.629305231718579 0
    endloop
  endfacet
  facet normal 0.612907053652977 0.79015501237569 0
    outer loop
      vertex 1.9103020699505378 2.629305231718579 0
      vertex 1.9103020699505378 2.629305231718579 6
      vertex 2.071627966683242 2.5041680390213146 0
    endloop
  endfacet
  facet normal 0.6613118653236506 0.7501110696304606 0
    outer loop
      vertex 2.2247780942682382 2.3691480391195876 0
      vertex 2.071627966683242 2.5041680390213146 0
      vertex 2.071627966683242 2.5041680390213146 6
    endloop
  endfacet
  facet normal 0.79015501237569 0.612907053652977 0
    outer loop
      vertex 2.629305231718579 1.9103020699505378 0
      vertex 2.5041680390213146 2.071627966683242 0
      vertex 2.629305231718579 1.9103020699505378 6
    endloop
  endfacet
  facet normal 0.8270805742745613 0.5620833778521315 0
    outer loop
      vertex 2.629305231718579 1.9103020699505378 0
      vertex 2.744065757881549 1.7414370836817392 6
      vertex 2.744065757881549 1.7414370836817392 0
    endloop
  endfacet
  facet normal 0.7501110696304606 0.6613118653236506 0
    outer loop
      vertex 2.3691480391195876 2.2247780942682382 0
      vertex 2.5041680390213146 2.071627966683242 6
      vertex 2.5041680390213146 2.071627966683242 0
    endloop
  endfacet
  facet normal 0.03141075907812921 0.9995065603657315 0
    outer loop
      vertex 0.20406918847026814 3.2435868673918824 0
      vertex 0 3.25 6
      vertex 0.20406918847026814 3.2435868673918824 6
    endloop
  endfacet
  facet normal 0.09410831331851348 0.99556196460308 0
    outer loop
      vertex 0.40733300908398895 3.224372779272053 0
      vertex 0.20406918847026814 3.2435868673918824 6
      vertex 0.40733300908398895 3.224372779272053 6
    endloop
  endfacet
  facet normal 0.15643446504023065 0.9876883405951378 0
    outer loop
      vertex 0.6089892724036049 3.1924335648682383 0
      vertex 0.40733300908398895 3.224372779272053 6
      vertex 0.6089892724036049 3.1924335648682383 6
    endloop
  endfacet
  facet normal 0.218143241396543 0.9759167619387473 0
    outer loop
      vertex 0.8082421332857783 3.147895273668051 0
      vertex 0.6089892724036049 3.1924335648682383 6
      vertex 0.8082421332857783 3.147895273668051 6
    endloop
  endfacet
  facet normal 0.2789911060392301 0.9602936856769427 0
    outer loop
      vertex 1.004305231718579 3.090933677959249 0
      vertex 0.8082421332857783 3.147895273668051 6
      vertex 1.004305231718579 3.090933677959249 6
    endloop
  endfacet
  facet normal 0.3387379202452899 0.9408807689542259 0
    outer loop
      vertex 1.1964047962252031 3.021773579136817 0
      vertex 1.004305231718579 3.090933677959249 6
      vertex 1.1964047962252031 3.021773579136817 6
    endloop
  endfacet
  facet normal 0.3971478906347809 0.9177546256839809 0
    outer loop
      vertex 1.3837826975864864 2.9406879205145633 0
      vertex 1.1964047962252031 3.021773579136817 6
      vertex 1.3837826975864864 2.9406879205145633 6
    endloop
  endfacet
  facet normal 0.4539904997395477 0.8910065241883673 0
    outer loop
      vertex 1.5656994408305744 2.8479967101425565 0
      vertex 1.3837826975864864 2.9406879205145633 6
      vertex 1.5656994408305744 2.8479967101425565 6
    endloop
  endfacet
  facet normal 0 0 1
    outer loop
      vertex 0 3.25 6
      vertex 0 3.15 6
      vertex 0.19779013651733682 3.143784194549055 6
    endloop
  endfacet
  facet normal 0 0 1
    outer loop
      vertex 0 3.25 6
      vertex 0.19779013651733682 3.143784194549055 6
      vertex 0.20406918847026814 3.2435868673918824 6
    endloop
  endfacet
  facet normal 0 0 1
    outer loop
      vertex 0.20406918847026814 3.2435868673918824 6
      vertex 0.19779013651733682 3.143784194549055 6
      vertex 0.39479968572755847 3.1251613091406054 6
    endloop
  endfacet
  facet normal 0 0 1
    outer loop
      vertex 0.20406918847026814 3.2435868673918824 6
      vertex 0.39479968572755847 3.1251613091406054 6
      vertex 0.40733300908398895 3.224372779272053 6
    endloop
  endfacet
  facet normal 0 0 1
    outer loop
      vertex 0.40733300908398895 3.224372779272053 6
      vertex 0.39479968572755847 3.1251613091406054 6
      vertex 0.5902511409450324 3.094204839795369 6
    endloop
  endfacet
  facet normal 0 0 1
    outer loop
      vertex 0.40733300908398895 3.224372779272053 6
      vertex 0.5902511409450324 3.094204839795369 6
      vertex 0.6089892724036049 3.1924335648682383 6
    endloop
  endfacet
  facet normal 0 0 1
    outer loop
      vertex 0.6089892724036049 3.1924335648682383 6
      vertex 0.5902511409450324 3.094204839795369 6
      vertex 0.7833731445692927 3.051036957555188 6
    endloop
  endfacet
  facet normal 0 0 1
    outer loop
      vertex 0.6089892724036049 3.1924335648682383 6
      vertex 0.7833731445692927 3.051036957555188 6
      vertex 0.8082421332857783 3.147895273668051 6
    endloop
  endfacet
  facet normal 0 0 1
    outer loop
      vertex 0.8082421332857783 3.147895273668051 6
      vertex 0.7833731445692927 3.051036957555188 6
      vertex 0.9734035322810842 2.9958280263297334 6
    endloop
  endfacet
  facet normal 0 0 1
    outer loop
      vertex 0.8082421332857783 3.147895273668051 6
      vertex 0.9734035322810842 2.9958280263297334 6
      vertex 1.004305231718579 3.090933677959249 6
    endloop
  endfacet
  facet normal 0 0 1
    outer loop
      vertex 1.004305231718579 3.090933677959249 6
      vertex 0.9734035322810842 2.9958280263297334 6
      vertex 1.1595923409567352 2.928795930547992 6
    endloop
  endfacet
  facet normal 0 0 1
    outer loop
      vertex 1.004305231718579 3.090933677959249 6
      vertex 1.1595923409567352 2.928795930547992 6
      vertex 1.1964047962252031 3.021773579136817 6
    endloop
  endfacet
  facet normal 0 0 1
    outer loop
      vertex 1.5656994408305744 2.8479967101425565 6
      vertex 1.517524073420403 2.76036604213817 6
      vertex 1.6878544041838395 2.6596329653313475 6
    endloop
  endfacet
  facet normal 0 0 1
    outer loop
      vertex 1.1964047962252031 3.021773579136817 6
      vertex 1.1595923409567352 2.928795930547992 6
      vertex 1.341204768429979 2.850205215267961 6
    endloop
  endfacet
  facet normal 0 0 1
    outer loop
      vertex 1.1964047962252031 3.021773579136817 6
      vertex 1.341204768429979 2.850205215267961 6
      vertex 1.3837826975864864 2.9406879205145633 6
    endloop
  endfacet
  facet normal 0 0 1
    outer loop
      vertex 1.3837826975864864 2.9406879205145633 6
      vertex 1.341204768429979 2.850205215267961 6
      vertex 1.517524073420403 2.76036604213817 6
    endloop
  endfacet
  facet normal 0 0 1
    outer loop
      vertex 1.3837826975864864 2.9406879205145633 6
      vertex 1.517524073420403 2.76036604213817 6
      vertex 1.5656994408305744 2.8479967101425565 6
    endloop
  endfacet
  facet normal 0.9995065603657315 0.03141075907812915 0
    outer loop
      vertex 3.2435868673918824 0.20406918847026848 0
      vertex 3.2435868673918824 0.20406918847026848 6
      vertex 3.25 0 6
    endloop
  endfacet
  facet normal 0.99556196460308 0.09410831331851369 0
    outer loop
      vertex 3.224372779272053 0.40733300908398884 0
      vertex 3.224372779272053 0.40733300908398884 6
      vertex 3.2435868673918824 0.20406918847026848 6
    endloop
  endfacet
  facet normal 0.9876883405951378 0.15643446504023048 0
    outer loop
      vertex 3.1924335648682383 0.608989272403605 0
      vertex 3.1924335648682383 0.608989272403605 6
      vertex 3.224372779272053 0.40733300908398884 6
    endloop
  endfacet
  facet normal 0.9759167619387473 0.21814324139654337 0
    outer loop
      vertex 3.147895273668051 0.8082421332857781 0
      vertex 3.147895273668051 0.8082421332857781 6
      vertex 3.1924335648682383 0.608989272403605 6
    endloop
  endfacet
  facet normal 0.9408807689542255 0.33873792024529153 0
    outer loop
      vertex 3.0217735791368168 1.1964047962252033 0
      vertex 3.0217735791368168 1.1964047962252033 6
      vertex 3.090933677959249 1.004305231718579 6
    endloop
  endfacet
  facet normal 0.9602936856769428 0.2789911060392298 0
    outer loop
      vertex 3.090933677959249 1.004305231718579 0
      vertex 3.090933677959249 1.004305231718579 6
      vertex 3.147895273668051 0.8082421332857781 6
    endloop
  endfacet
  facet normal 0.9177546256839823 0.39714789063477807 0
    outer loop
      vertex 2.9406879205145637 1.3837826975864862 0
      vertex 2.9406879205145637 1.3837826975864862 6
      vertex 3.0217735791368168 1.1964047962252033 6
    endloop
  endfacet
  facet normal 0.8910065241883672 0.45399049973954814 0
    outer loop
      vertex 2.8479967101425565 1.5656994408305749 0
      vertex 2.8479967101425565 1.5656994408305749 6
      vertex 2.9406879205145637 1.3837826975864862 6
    endloop
  endfacet
  facet normal 0 0 1
    outer loop
      vertex 3.192433564868238 -0.6089892724036057 6
      vertex 3.147895273668051 0.8082421332857781 6
      vertex 3.15 0 6
    endloop
  endfacet
  facet normal 0 0 1
    outer loop
      vertex 3.2435868673918824 -0.20406918847026972 6
      vertex 3.2435868673918824 0.20406918847026848 6
      vertex 3.224372779272053 0.40733300908398884 6
    endloop
  endfacet
  facet normal 0 0 1
    outer loop
      vertex 3.224372779272053 -0.40733300908398823 6
      vertex 3.224372779272053 0.40733300908398884 6
      vertex 3.1924335648682383 0.608989272403605 6
    endloop
  endfacet
  facet normal 0 0 1
    outer loop
      vertex 3.147895273668051 0.8082421332857781 6
      vertex 3.143784194549055 0.19779013651733712 6
      vertex 3.15 0 6
    endloop
  endfacet
  facet normal 0 0 1
    outer loop
      vertex 3.192433564868238 -0.6089892724036057 6
      vertex 3.1924335648682383 0.608989272403605 6
      vertex 3.147895273668051 0.8082421332857781 6
    endloop
  endfacet
  facet normal 0 0 1
    outer loop
      vertex 3.147895273668051 0.8082421332857781 6
      vertex 3.1251613091406054 0.3947996857275584 6
      vertex 3.143784194549055 0.19779013651733712 6
    endloop
  endfacet
  facet normal 0 0 1
    outer loop
      vertex 3.090933677959249 1.004305231718579 6
      vertex 3.094204839795369 0.5902511409450326 6
      vertex 3.1251613091406054 0.3947996857275584 6
    endloop
  endfacet
  facet normal 0 0 1
    outer loop
      vertex 3.090933677959249 1.004305231718579 6
      vertex 3.051036957555188 0.7833731445692926 6
      vertex 3.094204839795369 0.5902511409450326 6
    endloop
  endfacet
  facet normal 0 0 1
    outer loop
      vertex 3.147895273668051 0.8082421332857781 6
      vertex 3.090933677959249 1.004305231718579 6
      vertex 3.1251613091406054 0.3947996857275584 6
    endloop
  endfacet
  facet normal 0 0 1
    outer loop
      vertex 2.8479967101425565 1.5656994408305749 6
      vertex 2.76036604213817 1.5175240734204032 6
      vertex 2.8502052152679616 1.3412047684299788 6
    endloop
  endfacet
  facet normal 0 0 1
    outer loop
      vertex 2.8479967101425565 1.5656994408305749 6
      vertex 2.744065757881549 1.7414370836817392 6
      vertex 2.76036604213817 1.5175240734204032 6
    endloop
  endfacet
  facet normal 0 0 1
    outer loop
      vertex 3.0217735791368168 1.1964047962252033 6
      vertex 2.9958280263297334 0.9734035322810842 6
      vertex 3.051036957555188 0.7833731445692926 6
    endloop
  endfacet
  facet normal 0 0 1
    outer loop
      vertex 2.9406879205145637 1.3837826975864862 6
      vertex 2.9287959305479916 1.1595923409567357 6
      vertex 2.9958280263297334 0.9734035322810842 6
    endloop
  endfacet
  facet normal 0 0 1
    outer loop
      vertex 3.0217735791368168 1.1964047962252033 6
      vertex 2.9406879205145637 1.3837826975864862 6
      vertex 2.9958280263297334 0.9734035322810842 6
    endloop
  endfacet
  facet normal 0 0 1
    outer loop
      vertex 3.0217735791368168 1.1964047962252033 6
      vertex 3.051036957555188 0.7833731445692926 6
      vertex 3.090933677959249 1.004305231718579 6
    endloop
  endfacet
  facet normal 0 0 1
    outer loop
      vertex 2.8479967101425565 1.5656994408305749 6
      vertex 2.8502052152679616 1.3412047684299788 6
      vertex 2.9287959305479916 1.1595923409567357 6
    endloop
  endfacet
  facet normal 0 0 1
    outer loop
      vertex 2.9406879205145637 1.3837826975864862 6
      vertex 2.8479967101425565 1.5656994408305749 6
      vertex 2.9287959305479916 1.1595923409567357 6
    endloop
  endfacet
  facet normal 0.6613118653236506 0.7501110696304606 0
    outer loop
      vertex 2.2247780942682382 2.3691480391195876 0
      vertex 2.071627966683242 2.5041680390213146 6
      vertex 2.2247780942682382 2.3691480391195876 6
    endloop
  endfacet
  facet normal 0.7501110696304606 0.6613118653236506 0
    outer loop
      vertex 2.3691480391195876 2.2247780942682382 0
      vertex 2.3691480391195876 2.2247780942682382 6
      vertex 2.5041680390213146 2.071627966683242 6
    endloop
  endfacet
  facet normal 0.7071067811865475 0.7071067811865475 0
    outer loop
      vertex 2.2247780942682382 2.3691480391195876 0
      vertex 2.2247780942682382 2.3691480391195876 6
      vertex 2.3691480391195876 2.2247780942682382 6
    endloop
  endfacet
  facet normal 0.5090414157503697 0.8607420270039444 0
    outer loop
      vertex 1.7414370836817392 2.744065757881549 0
      vertex 1.5656994408305744 2.8479967101425565 6
      vertex 1.7414370836817392 2.744065757881549 6
    endloop
  endfacet
  facet normal 0.612907053652977 0.79015501237569 0
    outer loop
      vertex 2.071627966683242 2.5041680390213146 0
      vertex 1.9103020699505378 2.629305231718579 6
      vertex 2.071627966683242 2.5041680390213146 6
    endloop
  endfacet
  facet normal 0.5620833778521315 0.8270805742745613 0
    outer loop
      vertex 1.9103020699505378 2.629305231718579 0
      vertex 1.7414370836817392 2.744065757881549 6
      vertex 1.9103020699505378 2.629305231718579 6
    endloop
  endfacet
  facet normal 0.79015501237569 0.612907053652977 0
    outer loop
      vertex 2.5041680390213146 2.071627966683242 0
      vertex 2.5041680390213146 2.071627966683242 6
      vertex 2.629305231718579 1.9103020699505378 6
    endloop
  endfacet
  facet normal 0.860742027003944 0.5090414157503707 0
    outer loop
      vertex 2.744065757881549 1.7414370836817392 0
      vertex 2.744065757881549 1.7414370836817392 6
      vertex 2.8479967101425565 1.5656994408305749 6
    endloop
  endfacet
  facet normal 0.8270805742745613 0.5620833778521315 0
    outer loop
      vertex 2.629305231718579 1.9103020699505378 0
      vertex 2.629305231718579 1.9103020699505378 6
      vertex 2.744065757881549 1.7414370836817392 6
    endloop
  endfacet
  facet normal 0 0 1
    outer loop
      vertex 2.071627966683242 2.5041680390213146 6
      vertex 2.0078855677083727 2.4271167147437356 6
      vertex 2.1563233836753692 2.2962511763774462 6
    endloop
  endfacet
  facet normal 0 0 1
    outer loop
      vertex 2.2247780942682382 2.3691480391195876 6
      vertex 2.1563233836753692 2.2962511763774462 6
      vertex 2.2962511763774462 2.1563233836753692 6
    endloop
  endfacet
  facet normal 0 0 1
    outer loop
      vertex 2.2247780942682382 2.3691480391195876 6
      vertex 2.071627966683242 2.5041680390213146 6
      vertex 2.1563233836753692 2.2962511763774462 6
    endloop
  endfacet
  facet normal 0 0 1
    outer loop
      vertex 2.3691480391195876 2.2247780942682382 6
      vertex 2.2962511763774462 2.1563233836753692 6
      vertex 2.4271167147437356 2.0078855677083727 6
    endloop
  endfacet
  facet normal 0 0 1
    outer loop
      vertex 2.3691480391195876 2.2247780942682382 6
      vertex 2.4271167147437356 2.0078855677083727 6
      vertex 2.5041680390213146 2.071627966683242 6
    endloop
  endfacet
  facet normal 0 0 1
    outer loop
      vertex 2.2247780942682382 2.3691480391195876 6
      vertex 2.2962511763774462 2.1563233836753692 6
      vertex 2.3691480391195876 2.2247780942682382 6
    endloop
  endfacet
  facet normal 0 0 1
    outer loop
      vertex 1.5656994408305744 2.8479967101425565 6
      vertex 1.6878544041838395 2.6596329653313475 6
      vertex 1.7414370836817392 2.744065757881549 6
    endloop
  endfacet
  facet normal 0 0 1
    outer loop
      vertex 1.7414370836817392 2.744065757881549 6
      vertex 1.6878544041838395 2.6596329653313475 6
      vertex 1.8515235447212903 2.5484035322810845 6
    endloop
  endfacet
  facet normal 0 0 1
    outer loop
      vertex 1.9103020699505378 2.629305231718579 6
      vertex 1.8515235447212903 2.5484035322810845 6
      vertex 2.0078855677083727 2.4271167147437356 6
    endloop
  endfacet
  facet normal 0 0 1
    outer loop
      vertex 1.7414370836817392 2.744065757881549 6
      vertex 1.8515235447212903 2.5484035322810845 6
      vertex 1.9103020699505378 2.629305231718579 6
    endloop
  endfacet
  facet normal 0 0 1
    outer loop
      vertex 1.9103020699505378 2.629305231718579 6
      vertex 2.0078855677083727 2.4271167147437356 6
      vertex 2.071627966683242 2.5041680390213146 6
    endloop
  endfacet
  facet normal 0 0 1
    outer loop
      vertex 2.629305231718579 1.9103020699505378 6
      vertex 2.5484035322810845 1.8515235447212903 6
      vertex 2.6596329653313475 1.6878544041838395 6
    endloop
  endfacet
  facet normal 0 0 1
    outer loop
      vertex 2.5041680390213146 2.071627966683242 6
      vertex 2.4271167147437356 2.0078855677083727 6
      vertex 2.5484035322810845 1.8515235447212903 6
    endloop
  endfacet
  facet normal 0 0 1
    outer loop
      vertex 2.629305231718579 1.9103020699505378 6
      vertex 2.5041680390213146 2.071627966683242 6
      vertex 2.5484035322810845 1.8515235447212903 6
    endloop
  endfacet
  facet normal 0 0 1
    outer loop
      vertex 2.744065757881549 1.7414370836817392 6
      vertex 2.6596329653313475 1.6878544041838395 6
      vertex 2.76036604213817 1.5175240734204032 6
    endloop
  endfacet
  facet normal 0 0 1
    outer loop
      vertex 2.629305231718579 1.9103020699505378 6
      vertex 2.6596329653313475 1.6878544041838395 6
      vertex 2.744065757881549 1.7414370836817392 6
    endloop
  endfacet
  facet normal 0.8857820990468497 0.31890117847253 0.33718260835486263
    outer loop
      vertex -2.9958280263297334 -0.9734035322810842 6
      vertex -0.9297764858882515 -0.36812455268467786 0
      vertex -0.9510565162951535 -0.3090169943749474 0
    endloop
  endfacet
  facet normal 0.9040581810868562 0.26265318165393686 0.33718260835486313
    outer loop
      vertex -3.051036957555188 -0.7833731445692927 6
      vertex -0.9510565162951535 -0.3090169943749474 0
      vertex -0.9685831611286311 -0.24868988716485485 0
    endloop
  endfacet
  facet normal 0.9187663585110066 0.2053686127221865 0.337182608354863
    outer loop
      vertex -0.9685831611286311 -0.24868988716485485 0
      vertex -0.9822872507286886 -0.18738131458572482 0
      vertex -3.094204839795369 -0.5902511409450332 6
    endloop
  endfacet
  facet normal 0.929848584862536 0.1472735477000208 0.33718260835486313
    outer loop
      vertex -3.1251613091406054 -0.3947996857275578 6
      vertex -0.9822872507286886 -0.18738131458572482 0
      vertex -0.9921147013144779 -0.12533323356430406 0
    endloop
  endfacet
  facet normal 0.9372611236570246 0.0885972612679587 0.3371826083548629
    outer loop
      vertex -3.143784194549055 -0.19779013651733682 6
      vertex -0.9921147013144779 -0.12533323356430406 0
      vertex -0.9980267284282716 -0.06279051952931328 0
    endloop
  endfacet
  facet normal 0.9409747209903153 0.02957132192190986 0.33718260835486297
    outer loop
      vertex -0.9980267284282716 -0.06279051952931328 0
      vertex -1 0 0
      vertex -3.15 0 6
    endloop
  endfacet
  facet normal 0.3189011784725251 0.8857820990468512 0.33718260835486297
    outer loop
      vertex -0.3090169943749474 -0.9510565162951535 0
      vertex -0.36812455268467786 -0.9297764858882515 0
      vertex -0.9734035322810842 -2.9958280263297334 6
    endloop
  endfacet
  facet normal 0.2626531816539383 0.9040581810868559 0.337182608354863
    outer loop
      vertex -0.24868988716485485 -0.9685831611286311 0
      vertex -0.3090169943749474 -0.9510565162951535 0
      vertex -0.7833731445692927 -3.051036957555188 6
    endloop
  endfacet
  facet normal 0.2053686127221865 0.9187663585110066 0.337182608354863
    outer loop
      vertex -0.18738131458572482 -0.9822872507286886 0
      vertex -0.24868988716485485 -0.9685831611286311 0
      vertex -0.5902511409450332 -3.094204839795369 6
    endloop
  endfacet
  facet normal 0.1472735477000158 0.9298485848625366 0.33718260835486297
    outer loop
      vertex -0.12533323356430406 -0.9921147013144779 0
      vertex -0.18738131458572482 -0.9822872507286886 0
      vertex -0.3947996857275578 -3.1251613091406054 6
    endloop
  endfacet
  facet normal 0.08859726126795552 0.9372611236570247 0.3371826083548629
    outer loop
      vertex -0.06279051952931376 -0.9980267284282716 0
      vertex -0.12533323356430406 -0.9921147013144779 0
      vertex -0.19779013651733834 -3.143784194549055 6
    endloop
  endfacet
  facet normal 0.02957132192190963 0.9409747209903153 0.33718260835486297
    outer loop
      vertex 0 -1 0
      vertex -0.06279051952931376 -0.9980267284282716 0
      vertex 0 -3.15 6
    endloop
  endfacet
  facet normal 0.7786461274748817 0.5291673617971742 0.33718260835486297
    outer loop
      vertex -0.8090169943749475 -0.5877852522924731 0
      vertex -0.844327925502015 -0.5358267949789968 0
      vertex -2.659632965331347 -1.6878544041838397 6
    endloop
  endfacet
  facet normal 0.8103363407722997 0.47923157601181765 0.33718260835486297
    outer loop
      vertex -0.844327925502015 -0.5358267949789968 0
      vertex -0.8763066800438635 -0.4817536741017154 0
      vertex -2.7603660421381697 -1.5175240734204034 6
    endloop
  endfacet
  facet normal 0.7438829536418983 0.577014765759089 0.337182608354863
    outer loop
      vertex -0.7705132427757894 -0.6374239897486896 0
      vertex -0.8090169943749475 -0.5877852522924731 0
      vertex -2.5484035322810845 -1.8515235447212903 6
    endloop
  endfacet
  facet normal 0.6656980879584269 0.6656980879584269 0.33718260835486297
    outer loop
      vertex -0.6845471059286885 -0.7289686274214117 0
      vertex -0.7289686274214117 -0.6845471059286885 0
      vertex -2.2962511763774467 -2.156323383675369 6
    endloop
  endfacet
  facet normal 0.7061840136386842 0.622584956053525 0.337182608354863
    outer loop
      vertex -0.7289686274214117 -0.6845471059286885 0
      vertex -0.7705132427757894 -0.6374239897486896 0
      vertex -2.4271167147437365 -2.0078855677083722 6
    endloop
  endfacet
  facet normal 0.577014765759089 0.7438829536418983 0.337182608354863
    outer loop
      vertex -0.5877852522924731 -0.8090169943749475 0
      vertex -0.6374239897486896 -0.7705132427757894 0
      vertex -1.8515235447212903 -2.5484035322810845 6
    endloop
  endfacet
  facet normal 0.622584956053525 0.7061840136386842 0.337182608354863
    outer loop
      vertex -0.6374239897486896 -0.7705132427757894 0
      vertex -0.6845471059286885 -0.7289686274214117 0
      vertex -2.0078855677083722 -2.4271167147437365 6
    endloop
  endfacet
  facet normal 0.5291673617971742 0.7786461274748817 0.33718260835486297
    outer loop
      vertex -0.5358267949789968 -0.844327925502015 0
      vertex -0.5877852522924731 -0.8090169943749475 0
      vertex -1.6878544041838397 -2.659632965331347 6
    endloop
  endfacet
  facet normal 0.47923157601181765 0.8103363407722997 0.33718260835486297
    outer loop
      vertex -0.4817536741017154 -0.8763066800438635 0
      vertex -0.5358267949789968 -0.844327925502015 0
      vertex -1.5175240734204034 -2.7603660421381697 6
    endloop
  endfacet
  facet normal 0.8388285267401486 0.4274044821360238 0.33718260835486297
    outer loop
      vertex -0.8763066800438635 -0.4817536741017154 0
      vertex -0.9048270524660196 -0.42577929156507244 0
      vertex -2.8502052152679616 -1.3412047684299782 6
    endloop
  endfacet
  facet normal 0.8640102397372552 0.3738906180317736 0.33718260835486297
    outer loop
      vertex -0.9048270524660196 -0.42577929156507244 0
      vertex -0.9297764858882515 -0.36812455268467786 0
      vertex -2.928795930547992 -1.1595923409567352 6
    endloop
  endfacet
  facet normal 0.4274044821360238 0.8388285267401486 0.33718260835486297
    outer loop
      vertex -0.42577929156507244 -0.9048270524660196 0
      vertex -0.4817536741017154 -0.8763066800438635 0
      vertex -1.3412047684299782 -2.8502052152679616 6
    endloop
  endfacet
  facet normal 0.3738906180317736 0.8640102397372552 0.33718260835486297
    outer loop
      vertex -0.36812455268467786 -0.9297764858882515 0
      vertex -0.42577929156507244 -0.9048270524660196 0
      vertex -1.1595923409567352 -2.928795930547992 6
    endloop
  endfacet
  facet normal 0.665698087958427 0.665698087958427 0.337182608354863
    outer loop
      vertex -2.2962511763774467 -2.156323383675369 6
      vertex -2.156323383675369 -2.2962511763774467 6
      vertex -0.6845471059286885 -0.7289686274214117 0
    endloop
  endfacet
  facet normal 0.8103363407722999 0.4792315760118172 0.33718260835486297
    outer loop
      vertex -2.7603660421381697 -1.5175240734204034 6
      vertex -2.659632965331347 -1.6878544041838397 6
      vertex -0.844327925502015 -0.5358267949789968 0
    endloop
  endfacet
  facet normal 0.8857820990468515 0.3189011784725245 0.337182608354863
    outer loop
      vertex -2.9958280263297334 -0.9734035322810842 6
      vertex -2.928795930547992 -1.1595923409567352 6
      vertex -0.9297764858882515 -0.36812455268467786 0
    endloop
  endfacet
  facet normal 0.8388285267401485 0.4274044821360243 0.33718260835486297
    outer loop
      vertex -2.8502052152679616 -1.3412047684299782 6
      vertex -2.7603660421381697 -1.5175240734204034 6
      vertex -0.8763066800438635 -0.4817536741017154 0
    endloop
  endfacet
  facet normal 0.8640102397372552 0.37389061803177387 0.33718260835486297
    outer loop
      vertex -2.928795930547992 -1.1595923409567352 6
      vertex -2.8502052152679616 -1.3412047684299782 6
      vertex -0.9048270524660196 -0.42577929156507244 0
    endloop
  endfacet
  facet normal 0.743882953641898 0.5770147657590894 0.337182608354863
    outer loop
      vertex -2.5484035322810845 -1.8515235447212903 6
      vertex -2.4271167147437365 -2.0078855677083722 6
      vertex -0.7705132427757894 -0.6374239897486896 0
    endloop
  endfacet
  facet normal 0.778646127474882 0.5291673617971736 0.337182608354863
    outer loop
      vertex -2.659632965331347 -1.6878544041838397 6
      vertex -2.5484035322810845 -1.8515235447212903 6
      vertex -0.8090169943749475 -0.5877852522924731 0
    endloop
  endfacet
  facet normal 0.7061840136386844 0.6225849560535248 0.337182608354863
    outer loop
      vertex -2.4271167147437365 -2.0078855677083722 6
      vertex -2.2962511763774467 -2.156323383675369 6
      vertex -0.7289686274214117 -0.6845471059286885 0
    endloop
  endfacet
  facet normal 0.9040581810868558 0.2626531816539392 0.337182608354863
    outer loop
      vertex -3.051036957555188 -0.7833731445692927 6
      vertex -2.9958280263297334 -0.9734035322810842 6
      vertex -0.9510565162951535 -0.3090169943749474 0
    endloop
  endfacet
  facet normal 0.9187663585110066 0.20536861272218687 0.337182608354863
    outer loop
      vertex -3.094204839795369 -0.5902511409450332 6
      vertex -3.051036957555188 -0.7833731445692927 6
      vertex -0.9685831611286311 -0.24868988716485485 0
    endloop
  endfacet
  facet normal 0.9298485848625367 0.14727354770001597 0.337182608354863
    outer loop
      vertex -3.1251613091406054 -0.3947996857275578 6
      vertex -3.094204839795369 -0.5902511409450332 6
      vertex -0.9822872507286886 -0.18738131458572482 0
    endloop
  endfacet
  facet normal 0.9372611236570251 0.08859726126795346 0.337182608354863
    outer loop
      vertex -3.143784194549055 -0.19779013651733682 6
      vertex -3.1251613091406054 -0.3947996857275578 6
      vertex -0.9921147013144779 -0.12533323356430406 0
    endloop
  endfacet
  facet normal 0.9409747209903154 0.029571321921910334 0.337182608354863
    outer loop
      vertex -3.15 0 6
      vertex -3.143784194549055 -0.19779013651733682 6
      vertex -0.9980267284282716 -0.06279051952931328 0
    endloop
  endfacet
  facet normal 0.4792315760118172 0.8103363407722999 0.33718260835486297
    outer loop
      vertex -1.6878544041838397 -2.659632965331347 6
      vertex -1.5175240734204034 -2.7603660421381697 6
      vertex -0.5358267949789968 -0.844327925502015 0
    endloop
  endfacet
  facet normal 0.5770147657590894 0.743882953641898 0.33718260835486297
    outer loop
      vertex -2.0078855677083722 -2.4271167147437365 6
      vertex -1.8515235447212903 -2.5484035322810845 6
      vertex -0.6374239897486896 -0.7705132427757894 0
    endloop
  endfacet
  facet normal 0.6225849560535248 0.7061840136386844 0.33718260835486297
    outer loop
      vertex -2.156323383675369 -2.2962511763774467 6
      vertex -2.0078855677083722 -2.4271167147437365 6
      vertex -0.6845471059286885 -0.7289686274214117 0
    endloop
  endfacet
  facet normal 0.5291673617971736 0.778646127474882 0.337182608354863
    outer loop
      vertex -1.8515235447212903 -2.5484035322810845 6
      vertex -1.6878544041838397 -2.659632965331347 6
      vertex -0.5877852522924731 -0.8090169943749475 0
    endloop
  endfacet
  facet normal 0.4274044821360243 0.8388285267401485 0.33718260835486297
    outer loop
      vertex -1.5175240734204034 -2.7603660421381697 6
      vertex -1.3412047684299782 -2.8502052152679616 6
      vertex -0.4817536741017154 -0.8763066800438635 0
    endloop
  endfacet
  facet normal 0.3189011784725245 0.8857820990468515 0.337182608354863
    outer loop
      vertex -1.1595923409567352 -2.928795930547992 6
      vertex -0.9734035322810842 -2.9958280263297334 6
      vertex -0.36812455268467786 -0.9297764858882515 0
    endloop
  endfacet
  facet normal 0.37389061803177387 0.8640102397372552 0.337182608354863
    outer loop
      vertex -1.3412047684299782 -2.8502052152679616 6
      vertex -1.1595923409567352 -2.928795930547992 6
      vertex -0.42577929156507244 -0.9048270524660196 0
    endloop
  endfacet
  facet normal 0.2626531816539392 0.9040581810868558 0.337182608354863
    outer loop
      vertex -0.9734035322810842 -2.9958280263297334 6
      vertex -0.7833731445692927 -3.051036957555188 6
      vertex -0.3090169943749474 -0.9510565162951535 0
    endloop
  endfacet
  facet normal 0.20536861272218687 0.9187663585110066 0.337182608354863
    outer loop
      vertex -0.7833731445692927 -3.051036957555188 6
      vertex -0.5902511409450332 -3.094204839795369 6
      vertex -0.24868988716485485 -0.9685831611286311 0
    endloop
  endfacet
  facet normal 0.14727354770001597 0.9298485848625367 0.337182608354863
    outer loop
      vertex -0.5902511409450332 -3.094204839795369 6
      vertex -0.3947996857275578 -3.1251613091406054 6
      vertex -0.18738131458572482 -0.9822872507286886 0
    endloop
  endfacet
  facet normal 0.08859726126795414 0.937261123657025 0.3371826083548631
    outer loop
      vertex -0.3947996857275578 -3.1251613091406054 6
      vertex -0.19779013651733834 -3.143784194549055 6
      vertex -0.12533323356430406 -0.9921147013144779 0
    endloop
  endfacet
  facet normal 0.029571321921910112 0.9409747209903154 0.337182608354863
    outer loop
      vertex -0.19779013651733834 -3.143784194549055 6
      vertex 0 -3.15 6
      vertex -0.06279051952931376 -0.9980267284282716 0
    endloop
  endfacet
  facet normal 0.9409747209903153 -0.02957132192190986 0.33718260835486297
    outer loop
      vertex -1 0 0
      vertex -0.9980267284282716 0.06279051952931328 0
      vertex -3.15 0 6
    endloop
  endfacet
  facet normal 0.9372611236570249 -0.08859726126795484 0.3371826083548629
    outer loop
      vertex -0.9980267284282716 0.06279051952931328 0
      vertex -0.9921147013144779 0.12533323356430406 0
      vertex -3.143784194549055 0.19779013651733682 6
    endloop
  endfacet
  facet normal 0.9298485848625366 -0.1472735477000158 0.33718260835486297
    outer loop
      vertex -0.9921147013144779 0.12533323356430406 0
      vertex -0.9822872507286886 0.18738131458572482 0
      vertex -3.1251613091406054 0.3947996857275578 6
    endloop
  endfacet
  facet normal 0.9187663585110066 -0.2053686127221865 0.337182608354863
    outer loop
      vertex -0.9822872507286886 0.18738131458572482 0
      vertex -0.9685831611286311 0.24868988716485485 0
      vertex -3.094204839795369 0.5902511409450332 6
    endloop
  endfacet
  facet normal 0.9040581810868559 -0.2626531816539383 0.337182608354863
    outer loop
      vertex -0.9685831611286311 0.24868988716485485 0
      vertex -0.9510565162951535 0.3090169943749474 0
      vertex -3.051036957555188 0.7833731445692927 6
    endloop
  endfacet
  facet normal 0.8857820990468512 -0.3189011784725251 0.33718260835486297
    outer loop
      vertex -0.9510565162951535 0.3090169943749474 0
      vertex -0.9297764858882515 0.36812455268467786 0
      vertex -2.9958280263297334 0.9734035322810842 6
    endloop
  endfacet
  facet normal 0.8640102397372552 -0.3738906180317736 0.33718260835486297
    outer loop
      vertex -0.9297764858882515 0.36812455268467786 0
      vertex -0.9048270524660196 0.42577929156507244 0
      vertex -2.928795930547992 1.1595923409567352 6
    endloop
  endfacet
  facet normal 0.8388285267401486 -0.4274044821360238 0.33718260835486297
    outer loop
      vertex -0.9048270524660196 0.42577929156507244 0
      vertex -0.8763066800438635 0.4817536741017154 0
      vertex -2.8502052152679616 1.3412047684299782 6
    endloop
  endfacet
  facet normal 0.8103363407722997 -0.47923157601181765 0.33718260835486297
    outer loop
      vertex -0.8763066800438635 0.4817536741017154 0
      vertex -0.844327925502015 0.5358267949789968 0
      vertex -2.7603660421381697 1.5175240734204034 6
    endloop
  endfacet
  facet normal 0.7786461274748817 -0.5291673617971742 0.33718260835486297
    outer loop
      vertex -0.844327925502015 0.5358267949789968 0
      vertex -0.8090169943749475 0.5877852522924731 0
      vertex -2.659632965331347 1.6878544041838397 6
    endloop
  endfacet
  facet normal 0.7438829536418983 -0.577014765759089 0.337182608354863
    outer loop
      vertex -0.8090169943749475 0.5877852522924731 0
      vertex -0.7705132427757894 0.6374239897486896 0
      vertex -2.5484035322810845 1.8515235447212903 6
    endloop
  endfacet
  facet normal 0.7061840136386842 -0.622584956053525 0.337182608354863
    outer loop
      vertex -0.7705132427757894 0.6374239897486896 0
      vertex -0.7289686274214117 0.6845471059286885 0
      vertex -2.4271167147437365 2.0078855677083722 6
    endloop
  endfacet
  facet normal 0.6656980879584269 -0.6656980879584269 0.3371826083548629
    outer loop
      vertex -0.7289686274214117 0.6845471059286885 0
      vertex -0.6845471059286885 0.7289686274214117 0
      vertex -2.2962511763774467 2.156323383675369 6
    endloop
  endfacet
  facet normal 0.622584956053525 -0.7061840136386842 0.337182608354863
    outer loop
      vertex -0.6845471059286885 0.7289686274214117 0
      vertex -0.6374239897486896 0.7705132427757894 0
      vertex -2.0078855677083722 2.4271167147437365 6
    endloop
  endfacet
  facet normal 0.577014765759089 -0.7438829536418983 0.337182608354863
    outer loop
      vertex -0.6374239897486896 0.7705132427757894 0
      vertex -0.5877852522924731 0.8090169943749475 0
      vertex -1.8515235447212903 2.5484035322810845 6
    endloop
  endfacet
  facet normal 0.5291673617971742 -0.7786461274748817 0.33718260835486297
    outer loop
      vertex -0.5877852522924731 0.8090169943749475 0
      vertex -0.5358267949789968 0.844327925502015 0
      vertex -1.6878544041838397 2.659632965331347 6
    endloop
  endfacet
  facet normal 0.4792315760118177 -0.8103363407722995 0.33718260835486297
    outer loop
      vertex -0.5358267949789968 0.844327925502015 0
      vertex -0.4817536741017152 0.8763066800438636 0
      vertex -1.517524073420403 2.76036604213817 6
    endloop
  endfacet
  facet normal 0.42740448213602383 -0.8388285267401486 0.337182608354863
    outer loop
      vertex -0.4817536741017152 0.8763066800438636 0
      vertex -0.4257792915650727 0.9048270524660195 0
      vertex -1.341204768429979 2.850205215267961 6
    endloop
  endfacet
  facet normal 0.3738906180317736 -0.8640102397372554 0.33718260835486297
    outer loop
      vertex -0.4257792915650727 0.9048270524660195 0
      vertex -0.36812455268467786 0.9297764858882515 0
      vertex -1.1595923409567352 2.928795930547992 6
    endloop
  endfacet
  facet normal 0.3189011784725251 -0.8857820990468512 0.33718260835486297
    outer loop
      vertex -0.36812455268467786 0.9297764858882515 0
      vertex -0.3090169943749474 0.9510565162951535 0
      vertex -0.9734035322810842 2.9958280263297334 6
    endloop
  endfacet
  facet normal 0.2626531816539383 -0.9040581810868559 0.337182608354863
    outer loop
      vertex -0.3090169943749474 0.9510565162951535 0
      vertex -0.24868988716485485 0.9685831611286311 0
      vertex -0.7833731445692927 3.051036957555188 6
    endloop
  endfacet
  facet normal 0.2053686127221873 -0.9187663585110064 0.33718260835486297
    outer loop
      vertex -0.24868988716485485 0.9685831611286311 0
      vertex -0.18738131458572457 0.9822872507286887 0
      vertex -0.5902511409450324 3.094204839795369 6
    endloop
  endfacet
  facet normal 0.1472735477000153 -0.9298485848625369 0.33718260835486297
    outer loop
      vertex -0.18738131458572457 0.9822872507286887 0
      vertex -0.12533323356430429 0.9921147013144779 0
      vertex -0.39479968572755847 3.1251613091406054 6
    endloop
  endfacet
  facet normal 0.08859726126795453 -0.937261123657025 0.337182608354863
    outer loop
      vertex -0.12533323356430429 0.9921147013144779 0
      vertex -0.06279051952931328 0.9980267284282716 0
      vertex -0.19779013651733682 3.143784194549055 6
    endloop
  endfacet
  facet normal 0.02957132192190986 -0.9409747209903153 0.33718260835486297
    outer loop
      vertex -0.06279051952931328 0.9980267284282716 0
      vertex 0 1 0
      vertex 0 3.15 6
    endloop
  endfacet
  facet normal 0.9409747209903154 -0.029571321921910334 0.33718260835486297
    outer loop
      vertex -3.143784194549055 0.19779013651733682 6
      vertex -3.15 0 6
      vertex -0.9980267284282716 0.06279051952931328 0
    endloop
  endfacet
  facet normal 0.9372611236570251 -0.08859726126795346 0.337182608354863
    outer loop
      vertex -3.1251613091406054 0.3947996857275578 6
      vertex -3.143784194549055 0.19779013651733682 6
      vertex -0.9921147013144779 0.12533323356430406 0
    endloop
  endfacet
  facet normal 0.9298485848625367 -0.14727354770001597 0.337182608354863
    outer loop
      vertex -3.094204839795369 0.5902511409450332 6
      vertex -3.1251613091406054 0.3947996857275578 6
      vertex -0.9822872507286886 0.18738131458572482 0
    endloop
  endfacet
  facet normal 0.9187663585110066 -0.20536861272218687 0.337182608354863
    outer loop
      vertex -3.051036957555188 0.7833731445692927 6
      vertex -3.094204839795369 0.5902511409450332 6
      vertex -0.9685831611286311 0.24868988716485485 0
    endloop
  endfacet
  facet normal 0.9040581810868558 -0.2626531816539392 0.337182608354863
    outer loop
      vertex -2.9958280263297334 0.9734035322810842 6
      vertex -3.051036957555188 0.7833731445692927 6
      vertex -0.9510565162951535 0.3090169943749474 0
    endloop
  endfacet
  facet normal 0.8857820990468515 -0.3189011784725245 0.337182608354863
    outer loop
      vertex -2.928795930547992 1.1595923409567352 6
      vertex -2.9958280263297334 0.9734035322810842 6
      vertex -0.9297764858882515 0.36812455268467786 0
    endloop
  endfacet
  facet normal 0.8640102397372552 -0.37389061803177387 0.337182608354863
    outer loop
      vertex -2.8502052152679616 1.3412047684299782 6
      vertex -2.928795930547992 1.1595923409567352 6
      vertex -0.9048270524660196 0.42577929156507244 0
    endloop
  endfacet
  facet normal 0.8388285267401485 -0.4274044821360243 0.33718260835486297
    outer loop
      vertex -2.7603660421381697 1.5175240734204034 6
      vertex -2.8502052152679616 1.3412047684299782 6
      vertex -0.8763066800438635 0.4817536741017154 0
    endloop
  endfacet
  facet normal 0.8103363407722999 -0.4792315760118172 0.33718260835486297
    outer loop
      vertex -2.659632965331347 1.6878544041838397 6
      vertex -2.7603660421381697 1.5175240734204034 6
      vertex -0.844327925502015 0.5358267949789968 0
    endloop
  endfacet
  facet normal 0.778646127474882 -0.5291673617971736 0.337182608354863
    outer loop
      vertex -2.5484035322810845 1.8515235447212903 6
      vertex -2.659632965331347 1.6878544041838397 6
      vertex -0.8090169943749475 0.5877852522924731 0
    endloop
  endfacet
  facet normal 0.743882953641898 -0.5770147657590894 0.33718260835486297
    outer loop
      vertex -2.4271167147437365 2.0078855677083722 6
      vertex -2.5484035322810845 1.8515235447212903 6
      vertex -0.7705132427757894 0.6374239897486896 0
    endloop
  endfacet
  facet normal 0.7061840136386844 -0.6225849560535248 0.33718260835486297
    outer loop
      vertex -2.2962511763774467 2.156323383675369 6
      vertex -2.4271167147437365 2.0078855677083722 6
      vertex -0.7289686274214117 0.6845471059286885 0
    endloop
  endfacet
  facet normal 0.665698087958427 -0.665698087958427 0.337182608354863
    outer loop
      vertex -2.156323383675369 2.2962511763774467 6
      vertex -2.2962511763774467 2.156323383675369 6
      vertex -0.6845471059286885 0.7289686274214117 0
    endloop
  endfacet
  facet normal 0.6225849560535248 -0.7061840136386844 0.337182608354863
    outer loop
      vertex -2.0078855677083722 2.4271167147437365 6
      vertex -2.156323383675369 2.2962511763774467 6
      vertex -0.6845471059286885 0.7289686274214117 0
    endloop
  endfacet
  facet normal 0.5770147657590894 -0.743882953641898 0.337182608354863
    outer loop
      vertex -1.8515235447212903 2.5484035322810845 6
      vertex -2.0078855677083722 2.4271167147437365 6
      vertex -0.6374239897486896 0.7705132427757894 0
    endloop
  endfacet
  facet normal 0.5291673617971736 -0.778646127474882 0.337182608354863
    outer loop
      vertex -1.6878544041838397 2.659632965331347 6
      vertex -1.8515235447212903 2.5484035322810845 6
      vertex -0.5877852522924731 0.8090169943749475 0
    endloop
  endfacet
  facet normal 0.47923157601181793 -0.8103363407722995 0.337182608354863
    outer loop
      vertex -1.517524073420403 2.76036604213817 6
      vertex -1.6878544041838397 2.659632965331347 6
      vertex -0.5358267949789968 0.844327925502015 0
    endloop
  endfacet
  facet normal 0.4274044821360235 -0.838828526740149 0.33718260835486297
    outer loop
      vertex -1.341204768429979 2.850205215267961 6
      vertex -1.517524073420403 2.76036604213817 6
      vertex -0.4817536741017152 0.8763066800438636 0
    endloop
  endfacet
  facet normal 0.3738906180317741 -0.8640102397372551 0.33718260835486297
    outer loop
      vertex -1.1595923409567352 2.928795930547992 6
      vertex -1.341204768429979 2.850205215267961 6
      vertex -0.4257792915650727 0.9048270524660195 0
    endloop
  endfacet
  facet normal 0.3189011784725245 -0.8857820990468515 0.337182608354863
    outer loop
      vertex -0.9734035322810842 2.9958280263297334 6
      vertex -1.1595923409567352 2.928795930547992 6
      vertex -0.36812455268467786 0.9297764858882515 0
    endloop
  endfacet
  facet normal 0.2626531816539392 -0.9040581810868558 0.337182608354863
    outer loop
      vertex -0.7833731445692927 3.051036957555188 6
      vertex -0.9734035322810842 2.9958280263297334 6
      vertex -0.3090169943749474 0.9510565162951535 0
    endloop
  endfacet
  facet normal 0.2053686127221861 -0.9187663585110067 0.33718260835486297
    outer loop
      vertex -0.5902511409450324 3.094204839795369 6
      vertex -0.7833731445692927 3.051036957555188 6
      vertex -0.24868988716485485 0.9685831611286311 0
    endloop
  endfacet
  facet normal 0.14727354770001705 -0.9298485848625365 0.33718260835486297
    outer loop
      vertex -0.39479968572755847 3.1251613091406054 6
      vertex -0.5902511409450324 3.094204839795369 6
      vertex -0.18738131458572457 0.9822872507286887 0
    endloop
  endfacet
  facet normal 0.08859726126795316 -0.9372611236570252 0.337182608354863
    outer loop
      vertex -0.19779013651733682 3.143784194549055 6
      vertex -0.39479968572755847 3.1251613091406054 6
      vertex -0.12533323356430429 0.9921147013144779 0
    endloop
  endfacet
  facet normal 0.029571321921912447 -0.9409747209903154 0.337182608354863
    outer loop
      vertex -0.06279051952931328 0.9980267284282716 0
      vertex 0 3.15 6
      vertex -0.19779013651733682 3.143784194549055 6
    endloop
  endfacet
  facet normal -0.02957132192190963 0.9409747209903153 0.33718260835486297
    outer loop
      vertex 0 -1 0
      vertex 0 -3.15 6
      vertex 0.06279051952931376 -0.9980267284282716 0
    endloop
  endfacet
  facet normal -0.08859726126795552 0.9372611236570247 0.3371826083548629
    outer loop
      vertex 0.12533323356430406 -0.9921147013144779 0
      vertex 0.06279051952931376 -0.9980267284282716 0
      vertex 0.19779013651733834 -3.143784194549055 6
    endloop
  endfacet
  facet normal -0.1472735477000158 0.9298485848625366 0.3371826083548631
    outer loop
      vertex 0.18738131458572482 -0.9822872507286886 0
      vertex 0.12533323356430406 -0.9921147013144779 0
      vertex 0.3947996857275578 -3.1251613091406054 6
    endloop
  endfacet
  facet normal -0.20536861272218623 0.9187663585110066 0.33718260835486297
    outer loop
      vertex 0.24868988716485443 -0.9685831611286312 0
      vertex 0.18738131458572482 -0.9822872507286886 0
      vertex 0.5902511409450332 -3.094204839795369 6
    endloop
  endfacet
  facet normal -0.2626531816539382 0.904058181086856 0.3371826083548631
    outer loop
      vertex 0.3090169943749474 -0.9510565162951535 0
      vertex 0.24868988716485443 -0.9685831611286312 0
      vertex 0.7833731445692914 -3.0510369575551883 6
    endloop
  endfacet
  facet normal -0.3189011784725256 0.885782099046851 0.33718260835486297
    outer loop
      vertex 0.36812455268467836 -0.9297764858882512 0
      vertex 0.3090169943749474 -0.9510565162951535 0
      vertex 0.9734035322810842 -2.9958280263297334 6
    endloop
  endfacet
  facet normal -0.3738906180317736 0.8640102397372553 0.33718260835486297
    outer loop
      vertex 0.42577929156507244 -0.9048270524660196 0
      vertex 0.36812455268467836 -0.9297764858882512 0
      vertex 1.1595923409567368 -2.928795930547991 6
    endloop
  endfacet
  facet normal -0.4274044821360238 0.8388285267401486 0.33718260835486297
    outer loop
      vertex 0.4817536741017154 -0.8763066800438635 0
      vertex 0.42577929156507244 -0.9048270524660196 0
      vertex 1.3412047684299782 -2.8502052152679616 6
    endloop
  endfacet
  facet normal -0.4792315760118176 0.8103363407722997 0.33718260835486297
    outer loop
      vertex 0.5358267949789962 -0.8443279255020153 0
      vertex 0.4817536741017154 -0.8763066800438635 0
      vertex 1.5175240734204034 -2.7603660421381697 6
    endloop
  endfacet
  facet normal -0.5291673617971736 0.7786461274748819 0.33718260835486297
    outer loop
      vertex 0.5877852522924731 -0.8090169943749475 0
      vertex 0.5358267949789962 -0.8443279255020153 0
      vertex 1.687854404183838 -2.659632965331348 6
    endloop
  endfacet
  facet normal -0.5770147657590897 0.7438829536418977 0.33718260835486297
    outer loop
      vertex 0.63742398974869 -0.770513242775789 0
      vertex 0.5877852522924731 -0.8090169943749475 0
      vertex 1.8515235447212903 -2.5484035322810845 6
    endloop
  endfacet
  facet normal -0.6225849560535249 0.7061840136386844 0.3371826083548628
    outer loop
      vertex 2.007885567708373 -2.4271167147437356 6
      vertex 0.6845471059286885 -0.7289686274214117 0
      vertex 0.63742398974869 -0.770513242775789 0
    endloop
  endfacet
  facet normal -0.6656980879584269 0.6656980879584269 0.3371826083548629
    outer loop
      vertex 0.7289686274214117 -0.6845471059286885 0
      vertex 0.6845471059286885 -0.7289686274214117 0
      vertex 2.2962511763774467 -2.156323383675369 6
    endloop
  endfacet
  facet normal -0.7061840136386845 0.6225849560535247 0.337182608354863
    outer loop
      vertex 0.770513242775789 -0.63742398974869 0
      vertex 0.7289686274214117 -0.6845471059286885 0
      vertex 2.4271167147437356 -2.007885567708373 6
    endloop
  endfacet
  facet normal -0.7438829536418977 0.5770147657590897 0.33718260835486297
    outer loop
      vertex 0.8090169943749475 -0.5877852522924731 0
      vertex 0.770513242775789 -0.63742398974869 0
      vertex 2.5484035322810845 -1.8515235447212903 6
    endloop
  endfacet
  facet normal -0.7786461274748819 0.5291673617971736 0.33718260835486297
    outer loop
      vertex 0.8443279255020153 -0.5358267949789962 0
      vertex 0.8090169943749475 -0.5877852522924731 0
      vertex 2.659632965331348 -1.687854404183838 6
    endloop
  endfacet
  facet normal -0.8103363407722997 0.4792315760118176 0.33718260835486297
    outer loop
      vertex 0.8763066800438635 -0.4817536741017154 0
      vertex 0.8443279255020153 -0.5358267949789962 0
      vertex 2.7603660421381697 -1.5175240734204034 6
    endloop
  endfacet
  facet normal -0.8388285267401486 0.4274044821360238 0.33718260835486297
    outer loop
      vertex 0.9048270524660196 -0.42577929156507244 0
      vertex 0.8763066800438635 -0.4817536741017154 0
      vertex 2.8502052152679616 -1.3412047684299782 6
    endloop
  endfacet
  facet normal -0.8640102397372553 0.3738906180317736 0.3371826083548629
    outer loop
      vertex 0.9297764858882512 -0.36812455268467836 0
      vertex 0.9048270524660196 -0.42577929156507244 0
      vertex 2.928795930547991 -1.1595923409567368 6
    endloop
  endfacet
  facet normal -0.885782099046851 0.3189011784725256 0.33718260835486297
    outer loop
      vertex 0.9510565162951535 -0.3090169943749474 0
      vertex 0.9297764858882512 -0.36812455268467836 0
      vertex 2.9958280263297334 -0.9734035322810842 6
    endloop
  endfacet
  facet normal -0.904058181086856 0.2626531816539382 0.3371826083548631
    outer loop
      vertex 0.9685831611286312 -0.24868988716485443 0
      vertex 0.9510565162951535 -0.3090169943749474 0
      vertex 3.0510369575551883 -0.7833731445692914 6
    endloop
  endfacet
  facet normal -0.9187663585110066 0.20536861272218623 0.337182608354863
    outer loop
      vertex 0.9822872507286886 -0.18738131458572482 0
      vertex 0.9685831611286312 -0.24868988716485443 0
      vertex 3.094204839795369 -0.5902511409450332 6
    endloop
  endfacet
  facet normal -0.9298485848625366 0.1472735477000158 0.33718260835486297
    outer loop
      vertex 0.9921147013144779 -0.12533323356430406 0
      vertex 0.9822872507286886 -0.18738131458572482 0
      vertex 3.1251613091406054 -0.3947996857275578 6
    endloop
  endfacet
  facet normal -0.9372611236570247 0.08859726126795552 0.3371826083548629
    outer loop
      vertex 0.9980267284282716 -0.06279051952931376 0
      vertex 0.9921147013144779 -0.12533323356430406 0
      vertex 3.143784194549055 -0.19779013651733834 6
    endloop
  endfacet
  facet normal -0.9409747209903153 0.02957132192190963 0.33718260835486297
    outer loop
      vertex 1 0 0
      vertex 0.9980267284282716 -0.06279051952931376 0
      vertex 3.15 0 6
    endloop
  endfacet
  facet normal -0.029571321921910112 0.9409747209903154 0.3371826083548631
    outer loop
      vertex 0 -3.15 6
      vertex 0.19779013651733834 -3.143784194549055 6
      vertex 0.06279051952931376 -0.9980267284282716 0
    endloop
  endfacet
  facet normal -0.08859726126795414 0.937261123657025 0.3371826083548631
    outer loop
      vertex 0.19779013651733834 -3.143784194549055 6
      vertex 0.3947996857275578 -3.1251613091406054 6
      vertex 0.12533323356430406 -0.9921147013144779 0
    endloop
  endfacet
  facet normal -0.14727354770001597 0.9298485848625367 0.337182608354863
    outer loop
      vertex 0.3947996857275578 -3.1251613091406054 6
      vertex 0.5902511409450332 -3.094204839795369 6
      vertex 0.18738131458572482 -0.9822872507286886 0
    endloop
  endfacet
  facet normal -0.2053686127221862 0.9187663585110067 0.337182608354863
    outer loop
      vertex 0.5902511409450332 -3.094204839795369 6
      vertex 0.7833731445692914 -3.0510369575551883 6
      vertex 0.24868988716485443 -0.9685831611286312 0
    endloop
  endfacet
  facet normal -0.2626531816539394 0.9040581810868555 0.33718260835486297
    outer loop
      vertex 0.7833731445692914 -3.0510369575551883 6
      vertex 0.9734035322810842 -2.9958280263297334 6
      vertex 0.3090169943749474 -0.9510565162951535 0
    endloop
  endfacet
  facet normal -0.31890117847252586 0.8857820990468509 0.3371826083548629
    outer loop
      vertex 0.9734035322810842 -2.9958280263297334 6
      vertex 1.1595923409567368 -2.928795930547991 6
      vertex 0.36812455268467836 -0.9297764858882512 0
    endloop
  endfacet
  facet normal -0.373890618031773 0.8640102397372557 0.337182608354863
    outer loop
      vertex 1.1595923409567368 -2.928795930547991 6
      vertex 1.3412047684299782 -2.8502052152679616 6
      vertex 0.42577929156507244 -0.9048270524660196 0
    endloop
  endfacet
  facet normal -0.4274044821360243 0.8388285267401485 0.33718260835486297
    outer loop
      vertex 1.3412047684299782 -2.8502052152679616 6
      vertex 1.5175240734204034 -2.7603660421381697 6
      vertex 0.4817536741017154 -0.8763066800438635 0
    endloop
  endfacet
  facet normal -0.4792315760118178 0.8103363407722995 0.3371826083548629
    outer loop
      vertex 1.5175240734204034 -2.7603660421381697 6
      vertex 1.687854404183838 -2.659632965331348 6
      vertex 0.5358267949789962 -0.8443279255020153 0
    endloop
  endfacet
  facet normal -0.5291673617971726 0.7786461274748826 0.33718260835486297
    outer loop
      vertex 1.687854404183838 -2.659632965331348 6
      vertex 1.8515235447212903 -2.5484035322810845 6
      vertex 0.5877852522924731 -0.8090169943749475 0
    endloop
  endfacet
  facet normal -0.5770147657590899 0.7438829536418975 0.33718260835486297
    outer loop
      vertex 1.8515235447212903 -2.5484035322810845 6
      vertex 2.007885567708373 -2.4271167147437356 6
      vertex 0.63742398974869 -0.770513242775789 0
    endloop
  endfacet
  facet normal -0.6225849560535245 0.7061840136386845 0.33718260835486297
    outer loop
      vertex 2.007885567708373 -2.4271167147437356 6
      vertex 2.156323383675369 -2.2962511763774467 6
      vertex 0.6845471059286885 -0.7289686274214117 0
    endloop
  endfacet
  facet normal -0.665698087958427 0.665698087958427 0.337182608354863
    outer loop
      vertex 2.156323383675369 -2.2962511763774467 6
      vertex 2.2962511763774467 -2.156323383675369 6
      vertex 0.6845471059286885 -0.7289686274214117 0
    endloop
  endfacet
  facet normal -0.7061840136386845 0.6225849560535245 0.33718260835486297
    outer loop
      vertex 2.2962511763774467 -2.156323383675369 6
      vertex 2.4271167147437356 -2.007885567708373 6
      vertex 0.7289686274214117 -0.6845471059286885 0
    endloop
  endfacet
  facet normal -0.7438829536418975 0.5770147657590899 0.33718260835486297
    outer loop
      vertex 2.4271167147437356 -2.007885567708373 6
      vertex 2.5484035322810845 -1.8515235447212903 6
      vertex 0.770513242775789 -0.63742398974869 0
    endloop
  endfacet
  facet normal -0.7786461274748828 0.5291673617971726 0.337182608354863
    outer loop
      vertex 2.5484035322810845 -1.8515235447212903 6
      vertex 2.659632965331348 -1.687854404183838 6
      vertex 0.8090169943749475 -0.5877852522924731 0
    endloop
  endfacet
  facet normal -0.8103363407722995 0.4792315760118178 0.33718260835486297
    outer loop
      vertex 2.659632965331348 -1.687854404183838 6
      vertex 2.7603660421381697 -1.5175240734204034 6
      vertex 0.8443279255020153 -0.5358267949789962 0
    endloop
  endfacet
  facet normal -0.8388285267401485 0.4274044821360243 0.33718260835486297
    outer loop
      vertex 2.7603660421381697 -1.5175240734204034 6
      vertex 2.8502052152679616 -1.3412047684299782 6
      vertex 0.8763066800438635 -0.4817536741017154 0
    endloop
  endfacet
  facet normal -0.8640102397372557 0.373890618031773 0.33718260835486297
    outer loop
      vertex 2.8502052152679616 -1.3412047684299782 6
      vertex 2.928795930547991 -1.1595923409567368 6
      vertex 0.9048270524660196 -0.42577929156507244 0
    endloop
  endfacet
  facet normal -0.8857820990468509 0.31890117847252586 0.33718260835486297
    outer loop
      vertex 2.928795930547991 -1.1595923409567368 6
      vertex 2.9958280263297334 -0.9734035322810842 6
      vertex 0.9297764858882512 -0.36812455268467836 0
    endloop
  endfacet
  facet normal -0.9040581810868555 0.2626531816539394 0.33718260835486297
    outer loop
      vertex 2.9958280263297334 -0.9734035322810842 6
      vertex 3.0510369575551883 -0.7833731445692914 6
      vertex 0.9510565162951535 -0.3090169943749474 0
    endloop
  endfacet
  facet normal -0.9187663585110067 0.2053686127221862 0.3371826083548631
    outer loop
      vertex 3.0510369575551883 -0.7833731445692914 6
      vertex 3.094204839795369 -0.5902511409450332 6
      vertex 0.9685831611286312 -0.24868988716485443 0
    endloop
  endfacet
  facet normal -0.9298485848625367 0.14727354770001597 0.337182608354863
    outer loop
      vertex 3.094204839795369 -0.5902511409450332 6
      vertex 3.1251613091406054 -0.3947996857275578 6
      vertex 0.9822872507286886 -0.18738131458572482 0
    endloop
  endfacet
  facet normal -0.937261123657025 0.08859726126795414 0.3371826083548631
    outer loop
      vertex 3.1251613091406054 -0.3947996857275578 6
      vertex 3.143784194549055 -0.19779013651733834 6
      vertex 0.9921147013144779 -0.12533323356430406 0
    endloop
  endfacet
  facet normal -0.9409747209903154 0.029571321921910112 0.337182608354863
    outer loop
      vertex 3.143784194549055 -0.19779013651733834 6
      vertex 3.15 0 6
      vertex 0.9980267284282716 -0.06279051952931376 0
    endloop
  endfacet
  facet normal -0.3738906180317736 -0.8640102397372554 0.337182608354863
    outer loop
      vertex 0.36812455268467786 0.9297764858882515 0
      vertex 0.4257792915650727 0.9048270524660195 0
      vertex 1.1595923409567352 2.928795930547992 6
    endloop
  endfacet
  facet normal -0.42740448213602383 -0.8388285267401486 0.3371826083548629
    outer loop
      vertex 0.4257792915650727 0.9048270524660195 0
      vertex 0.4817536741017152 0.8763066800438636 0
      vertex 1.341204768429979 2.850205215267961 6
    endloop
  endfacet
  facet normal -0.8640102397372561 -0.37389061803177165 0.33718260835486297
    outer loop
      vertex 0.9048270524660196 0.42577929156507266 0
      vertex 0.9297764858882513 0.368124552684678 0
      vertex 2.9287959305479916 1.1595923409567357 6
    endloop
  endfacet
  facet normal -0.838828526740147 -0.42740448213602755 0.3371826083548626
    outer loop
      vertex 2.8502052152679616 1.3412047684299788 6
      vertex 0.8763066800438636 0.4817536741017153 0
      vertex 0.9048270524660196 0.42577929156507266 0
    endloop
  endfacet
  facet normal -0.4792315760118173 -0.8103363407723 0.337182608354863
    outer loop
      vertex 0.4817536741017152 0.8763066800438636 0
      vertex 0.5358267949789967 0.8443279255020151 0
      vertex 1.517524073420403 2.76036604213817 6
    endloop
  endfacet
  facet normal -0.5291673617971744 -0.7786461274748814 0.33718260835486297
    outer loop
      vertex 0.5358267949789967 0.8443279255020151 0
      vertex 0.5877852522924731 0.8090169943749475 0
      vertex 1.6878544041838395 2.6596329653313475 6
    endloop
  endfacet
  facet normal -0.6225849560535234 -0.7061840136386858 0.337182608354863
    outer loop
      vertex 0.6374239897486897 0.7705132427757891 0
      vertex 0.6845471059286887 0.7289686274214116 0
      vertex 2.0078855677083727 2.4271167147437356 6
    endloop
  endfacet
  facet normal -0.5770147657590903 -0.7438829536418973 0.33718260835486297
    outer loop
      vertex 0.5877852522924731 0.8090169943749475 0
      vertex 0.6374239897486897 0.7705132427757891 0
      vertex 1.8515235447212903 2.5484035322810845 6
    endloop
  endfacet
  facet normal -0.7061840136386858 -0.6225849560535234 0.33718260835486297
    outer loop
      vertex 0.7289686274214116 0.6845471059286887 0
      vertex 0.7705132427757891 0.6374239897486897 0
      vertex 2.4271167147437356 2.0078855677083727 6
    endloop
  endfacet
  facet normal -0.665698087958427 -0.665698087958427 0.33718260835486297
    outer loop
      vertex 0.6845471059286887 0.7289686274214116 0
      vertex 0.7289686274214116 0.6845471059286887 0
      vertex 2.2962511763774462 2.1563233836753692 6
    endloop
  endfacet
  facet normal -0.7438829536418973 -0.5770147657590903 0.33718260835486297
    outer loop
      vertex 0.7705132427757891 0.6374239897486897 0
      vertex 0.8090169943749475 0.5877852522924731 0
      vertex 2.5484035322810845 1.8515235447212903 6
    endloop
  endfacet
  facet normal -0.8103363407722994 -0.479231576011818 0.33718260835486297
    outer loop
      vertex 0.8443279255020151 0.5358267949789967 0
      vertex 0.8763066800438636 0.4817536741017153 0
      vertex 2.76036604213817 1.5175240734204032 6
    endloop
  endfacet
  facet normal -0.7786461274748814 -0.5291673617971744 0.33718260835486297
    outer loop
      vertex 0.8090169943749475 0.5877852522924731 0
      vertex 0.8443279255020151 0.5358267949789967 0
      vertex 2.6596329653313475 1.6878544041838395 6
    endloop
  endfacet
  facet normal -0.02957132192190986 -0.9409747209903153 0.33718260835486297
    outer loop
      vertex 0 1 0
      vertex 0.06279051952931328 0.9980267284282716 0
      vertex 0 3.15 6
    endloop
  endfacet
  facet normal -0.08859726126795453 -0.937261123657025 0.3371826083548629
    outer loop
      vertex 0.06279051952931328 0.9980267284282716 0
      vertex 0.12533323356430429 0.9921147013144779 0
      vertex 0.19779013651733682 3.143784194549055 6
    endloop
  endfacet
  facet normal -0.1472735477000153 -0.9298485848625369 0.337182608354863
    outer loop
      vertex 0.12533323356430429 0.9921147013144779 0
      vertex 0.18738131458572457 0.9822872507286887 0
      vertex 0.39479968572755847 3.1251613091406054 6
    endloop
  endfacet
  facet normal -0.2053686127221873 -0.9187663585110064 0.33718260835486297
    outer loop
      vertex 0.18738131458572457 0.9822872507286887 0
      vertex 0.24868988716485485 0.9685831611286311 0
      vertex 0.5902511409450324 3.094204839795369 6
    endloop
  endfacet
  facet normal -0.2626531816539383 -0.9040581810868559 0.337182608354863
    outer loop
      vertex 0.24868988716485485 0.9685831611286311 0
      vertex 0.3090169943749474 0.9510565162951535 0
      vertex 0.7833731445692927 3.051036957555188 6
    endloop
  endfacet
  facet normal -0.3189011784725251 -0.8857820990468512 0.33718260835486297
    outer loop
      vertex 0.3090169943749474 0.9510565162951535 0
      vertex 0.36812455268467786 0.9297764858882515 0
      vertex 0.9734035322810842 2.9958280263297334 6
    endloop
  endfacet
  facet normal -0.9409747209903154 -0.029571321921909813 0.33718260835486297
    outer loop
      vertex 1 0 0
      vertex 3.15 0 6
      vertex 0.9980267284282716 0.06279051952931337 0
    endloop
  endfacet
  facet normal -0.9372611236570249 -0.08859726126795471 0.33718260835486297
    outer loop
      vertex 0.9921147013144779 0.12533323356430426 0
      vertex 0.9980267284282716 0.06279051952931337 0
      vertex 3.143784194549055 0.19779013651733712 6
    endloop
  endfacet
  facet normal -0.9298485848625367 -0.14727354770001508 0.33718260835486297
    outer loop
      vertex 0.9822872507286887 0.18738131458572463 0
      vertex 0.9921147013144779 0.12533323356430426 0
      vertex 3.1251613091406054 0.3947996857275584 6
    endloop
  endfacet
  facet normal -0.9187663585110064 -0.20536861272218765 0.337182608354863
    outer loop
      vertex 0.9685831611286311 0.2486898871648548 0
      vertex 0.9822872507286887 0.18738131458572463 0
      vertex 3.094204839795369 0.5902511409450326 6
    endloop
  endfacet
  facet normal -0.904058181086856 -0.2626531816539381 0.3371826083548629
    outer loop
      vertex 0.9510565162951535 0.3090169943749474 0
      vertex 0.9685831611286311 0.2486898871648548 0
      vertex 3.051036957555188 0.7833731445692926 6
    endloop
  endfacet
  facet normal -0.8857820990468508 -0.31890117847252597 0.33718260835486297
    outer loop
      vertex 0.9297764858882513 0.368124552684678 0
      vertex 0.9510565162951535 0.3090169943749474 0
      vertex 2.9958280263297334 0.9734035322810842 6
    endloop
  endfacet
  facet normal -0.029571321921910334 -0.9409747209903154 0.33718260835486297
    outer loop
      vertex 0.19779013651733682 3.143784194549055 6
      vertex 0 3.15 6
      vertex 0.06279051952931328 0.9980267284282716 0
    endloop
  endfacet
  facet normal -0.08859726126795316 -0.9372611236570252 0.337182608354863
    outer loop
      vertex 0.39479968572755847 3.1251613091406054 6
      vertex 0.19779013651733682 3.143784194549055 6
      vertex 0.12533323356430429 0.9921147013144779 0
    endloop
  endfacet
  facet normal -0.14727354770001705 -0.9298485848625365 0.337182608354863
    outer loop
      vertex 0.5902511409450324 3.094204839795369 6
      vertex 0.39479968572755847 3.1251613091406054 6
      vertex 0.18738131458572457 0.9822872507286887 0
    endloop
  endfacet
  facet normal -0.2053686127221861 -0.9187663585110067 0.33718260835486297
    outer loop
      vertex 0.7833731445692927 3.051036957555188 6
      vertex 0.5902511409450324 3.094204839795369 6
      vertex 0.24868988716485485 0.9685831611286311 0
    endloop
  endfacet
  facet normal -0.2626531816539392 -0.9040581810868558 0.337182608354863
    outer loop
      vertex 0.9734035322810842 2.9958280263297334 6
      vertex 0.7833731445692927 3.051036957555188 6
      vertex 0.3090169943749474 0.9510565162951535 0
    endloop
  endfacet
  facet normal -0.3738906180317741 -0.8640102397372551 0.3371826083548629
    outer loop
      vertex 1.341204768429979 2.850205215267961 6
      vertex 1.1595923409567352 2.928795930547992 6
      vertex 0.4257792915650727 0.9048270524660195 0
    endloop
  endfacet
  facet normal -0.3189011784725245 -0.8857820990468515 0.337182608354863
    outer loop
      vertex 1.1595923409567352 2.928795930547992 6
      vertex 0.9734035322810842 2.9958280263297334 6
      vertex 0.36812455268467786 0.9297764858882515 0
    endloop
  endfacet
  facet normal -0.4274044821360235 -0.838828526740149 0.337182608354863
    outer loop
      vertex 1.517524073420403 2.76036604213817 6
      vertex 1.341204768429979 2.850205215267961 6
      vertex 0.4817536741017152 0.8763066800438636 0
    endloop
  endfacet
  facet normal -0.5291673617971745 -0.7786461274748813 0.337182608354863
    outer loop
      vertex 1.8515235447212903 2.5484035322810845 6
      vertex 1.6878544041838395 2.6596329653313475 6
      vertex 0.5877852522924731 0.8090169943749475 0
    endloop
  endfacet
  facet normal -0.6225849560535236 -0.7061840136386854 0.33718260835486297
    outer loop
      vertex 2.1563233836753692 2.2962511763774462 6
      vertex 2.0078855677083727 2.4271167147437356 6
      vertex 0.6845471059286887 0.7289686274214116 0
    endloop
  endfacet
  facet normal -0.577014765759091 -0.7438829536418968 0.337182608354863
    outer loop
      vertex 2.0078855677083727 2.4271167147437356 6
      vertex 1.8515235447212903 2.5484035322810845 6
      vertex 0.6374239897486897 0.7705132427757891 0
    endloop
  endfacet
  facet normal -0.4792315760118167 -0.8103363407723001 0.33718260835486297
    outer loop
      vertex 1.6878544041838395 2.6596329653313475 6
      vertex 1.517524073420403 2.76036604213817 6
      vertex 0.5358267949789967 0.8443279255020151 0
    endloop
  endfacet
  facet normal -0.9409747209903154 -0.029571321921910292 0.337182608354863
    outer loop
      vertex 3.15 0 6
      vertex 3.143784194549055 0.19779013651733712 6
      vertex 0.9980267284282716 0.06279051952931337 0
    endloop
  endfacet
  facet normal -0.9372611236570251 -0.08859726126795402 0.337182608354863
    outer loop
      vertex 0.9921147013144779 0.12533323356430426 0
      vertex 3.143784194549055 0.19779013651733712 6
      vertex 3.1251613091406054 0.3947996857275584 6
    endloop
  endfacet
  facet normal -0.9298485848625366 -0.14727354770001683 0.33718260835486297
    outer loop
      vertex 3.1251613091406054 0.3947996857275584 6
      vertex 3.094204839795369 0.5902511409450326 6
      vertex 0.9822872507286887 0.18738131458572463 0
    endloop
  endfacet
  facet normal -0.9187663585110067 -0.20536861272218646 0.337182608354863
    outer loop
      vertex 3.094204839795369 0.5902511409450326 6
      vertex 3.051036957555188 0.7833731445692926 6
      vertex 0.9685831611286311 0.2486898871648548 0
    endloop
  endfacet
  facet normal -0.9040581810868558 -0.2626531816539391 0.337182608354863
    outer loop
      vertex 3.051036957555188 0.7833731445692926 6
      vertex 2.9958280263297334 0.9734035322810842 6
      vertex 0.9510565162951535 0.3090169943749474 0
    endloop
  endfacet
  facet normal -0.7061840136386854 -0.6225849560535236 0.33718260835486297
    outer loop
      vertex 2.4271167147437356 2.0078855677083727 6
      vertex 2.2962511763774462 2.1563233836753692 6
      vertex 0.7289686274214116 0.6845471059286887 0
    endloop
  endfacet
  facet normal -0.7786461274748813 -0.5291673617971745 0.337182608354863
    outer loop
      vertex 2.6596329653313475 1.6878544041838395 6
      vertex 2.5484035322810845 1.8515235447212903 6
      vertex 0.8090169943749475 0.5877852522924731 0
    endloop
  endfacet
  facet normal -0.7438829536418968 -0.577014765759091 0.337182608354863
    outer loop
      vertex 2.5484035322810845 1.8515235447212903 6
      vertex 2.4271167147437356 2.0078855677083727 6
      vertex 0.7705132427757891 0.6374239897486897 0
    endloop
  endfacet
  facet normal -0.8640102397372561 -0.3738906180317717 0.337182608354863
    outer loop
      vertex 2.9287959305479916 1.1595923409567357 6
      vertex 2.8502052152679616 1.3412047684299788 6
      vertex 0.9048270524660196 0.42577929156507266 0
    endloop
  endfacet
  facet normal -0.8388285267401484 -0.4274044821360243 0.33718260835486297
    outer loop
      vertex 2.8502052152679616 1.3412047684299788 6
      vertex 2.76036604213817 1.5175240734204032 6
      vertex 0.8763066800438636 0.4817536741017153 0
    endloop
  endfacet
  facet normal -0.8857820990468509 -0.31890117847252564 0.33718260835486297
    outer loop
      vertex 2.9958280263297334 0.9734035322810842 6
      vertex 2.9287959305479916 1.1595923409567357 6
      vertex 0.9297764858882513 0.368124552684678 0
    endloop
  endfacet
  facet normal -0.8103363407722999 -0.4792315760118172 0.337182608354863
    outer loop
      vertex 2.76036604213817 1.5175240734204032 6
      vertex 2.6596329653313475 1.6878544041838395 6
      vertex 0.8443279255020151 0.5358267949789967 0
    endloop
  endfacet
  facet normal -0.665698087958427 -0.665698087958427 0.33718260835486297
    outer loop
      vertex 2.2962511763774462 2.1563233836753692 6
      vertex 2.1563233836753692 2.2962511763774462 6
      vertex 0.6845471059286887 0.7289686274214116 0
    endloop
  endfacet
endsolid OpenSCAD_Model
